,post_id,title,description,tags,image_url,location,created_at,updated_at
0,1625,Testing,"Scrapbooking, Candle Making, Fiction Writing, Pet Nutrition and Health, Aquariums and Fishkeeping","Creative Arts and Crafts, Creative Arts and Crafts, Creative Writing and Literature, Pets and Animals, Pets and Animals",https://testinglive-backend.s3.af-south-1.amazonaws.com/backend/gopaddi/gosocial/posts/assets/DYXeFBubwPXXgiKPMeUYALklBvQPW6w0zmRfjUC3.jpg,,2024-12-13 11:31:01+00:00,2024-12-13 14:34:47+00:00
2,1619,My first Pnpm Build in VG and Ever Seems nice!!. fyi also my first post,"Candle Making, Fiction Writing, Job Hunting","Creative Arts and Crafts, Creative Writing and Literature, Professional and Career",https://testinglive-backend.s3.af-south-1.amazonaws.com/backend/gopaddi/gosocial/posts/assets/FlQloz8NzUkENwUM53YmnHNqyOlAWIDjY6EpGhft.png,,2024-12-13 04:35:06+00:00,2024-12-13 08:07:03+00:00
4,1617,"Don't worry if you get lost in Venice, it's all part of the charm - just blame it on the ""jolly gondolier""!","Comedy, New Parents, Single Parenting","Entertainment, Family and Parenting, Family and Parenting",https://testinglive-backend.s3.af-south-1.amazonaws.com/backend/gopaddi/gosocial/posts/assets/xdrKEbYhpxLXBAXRkSEMYFZ5tBuuZGQTKCrc4AcK.png,Ireland,2024-12-01 11:31:19+00:00,2024-12-11 03:57:49+00:00
5,1616,Pack a swimsuit and a raincoat for Scotland's summer season - you never know whether you'll need to take a dip or dodge droplets on the same day!,"Theater and Performing Arts, Car Enthusiasts, Theater and Performing Arts, Comedy, Fan Clubs (e.g. specific bands actors)","Arts and Culture, Automotive and Vehicles, Entertainment, Entertainment, Entertainment",https://testinglive-backend.s3.af-south-1.amazonaws.com/backend/gopaddi/gosocial/posts/assets/qrKEOBvH1t6z1aFsSHLRtmECZ4PhK3HgJ9ylQSmR.png,Ireland,2024-11-30 11:31:20+00:00,2024-11-30 12:09:59+00:00
6,1615,"Don't be alarmed when villagers in Scotland greet you with ""Kind regards"" before dishing out insults ‚Äì it's just their way of saying hello! üè¥ wagordon","Comedy, Fan Clubs (e.g. specific bands actors)","Entertainment, Entertainment",https://testinglive-backend.s3.af-south-1.amazonaws.com/backend/gopaddi/gosocial/posts/assets/UGK67HURFczjACQu0Ps3WrLkE32xUP20dGoUzOqQ.png,Ireland,2024-11-29 11:32:14+00:00,2024-11-30 12:09:54+00:00
9,1612,"Cold air , Dark night, Warm  fire,  Bright  sTar -  Camping night üî•","Off-Roading, Cybersecurity","Automotive and Vehicles, Tech and Coding",https://testinglive-backend.s3.af-south-1.amazonaws.com/backend/gopaddi/gosocial/posts/assets/YWOHVtLctZwCE0b3dUdP2GGA95QiuOSddl2pVNEJ.jpg,,2024-11-28 13:13:39+00:00,2024-11-29 07:44:52+00:00
11,1609,"Ready to explore a city where the food is spicier than your ex? Pack your tongue and hop on a plane to Bangkok, Thailand!","Comedy, Single Parenting, Screenwriting","Entertainment, Family and Parenting, Film and Media Production",https://testinglive-backend.s3.af-south-1.amazonaws.com/backend/gopaddi/gosocial/posts/assets/LNOnyGdxIdkXzDg1sQ7Ui8u0HY182cCigmtuf0xX.png,,2024-11-27 11:32:44+00:00,2024-11-28 11:28:40+00:00
12,1607,testing again,Scrapbooking,Creative Arts and Crafts,https://testinglive-backend.s3.af-south-1.amazonaws.com/backend/gopaddi/gosocial/posts/assets/IHFtSsXsOYdFepo1fedGEopHolZwjunTjLu7KklC.png,,2024-11-27 08:42:54+00:00,2024-11-30 12:09:50+00:00
13,1605,Testing music,Business Strategy and Management,Business and Entrepreneurship,https://testinglive-backend.s3.af-south-1.amazonaws.com/backend/gopaddi/gosocial/posts/assets/yFyRwCLisAm8xqy8fyg4KBbOTLAysvCvQwidIMmw.jpg,,2024-11-27 06:55:17+00:00,2024-11-28 10:11:14+00:00
15,1602,Dig out your neon pink leggings and Tevas for the ultimate 90's rave experience at Boom Festival in Portugal - because who doesn't love a little nostalgia with their EDM?,"Business Strategy and Management, Theater and Performing Arts, Comedy","Business and Entrepreneurship, Entertainment, Entertainment",https://testinglive-backend.s3.af-south-1.amazonaws.com/backend/gopaddi/gosocial/posts/assets/T6VNTq9gr1w2rzw7w0CITXHIJu0QG7Ig9eSFjncZ.png,,2024-11-26 11:32:27+00:00,2024-11-28 10:11:11+00:00
16,1601,Miles of Smiles,Work-Life Balance for Parents,Family and Parenting,https://testinglive-backend.s3.af-south-1.amazonaws.com/backend/gopaddi/gosocial/posts/assets/mWHjY4EltyYY9XvbFhrthJ7b4iACuOkbemWczbCY.jpg,,2024-11-26 07:12:18+00:00,2024-11-28 10:11:07+00:00
17,1600,"If the Loch Ness Monster steals your luggage, at least you'll have a good excuse for missing your connecting flight!","Theater and Performing Arts, Comedy, Fan Clubs (e.g. specific bands actors)","Entertainment, Entertainment, Entertainment",https://testinglive-backend.s3.af-south-1.amazonaws.com/backend/gopaddi/gosocial/posts/assets/wtSfiaY4RNILg5OpD2jIzPSbCd0NfDXtPFxqnckY.png,,2024-11-25 11:32:27+00:00,2024-11-28 10:11:05+00:00
18,1599,"Here's a #TravelTip: If someone asks you for directions in a foreign country, just pretend you know the place like the back of your hand. It always works out beautifully! üòâüó∫Ô∏è #TravelHumor","Fan Clubs (e.g. specific bands actors), New Parents","Entertainment, Family and Parenting",https://testinglive-backend.s3.af-south-1.amazonaws.com/backend/gopaddi/gosocial/posts/assets/dt4L0zH8zuTltwWjm6UkqBB3H6MTlQ4GorOo81Ie.png,,2024-11-24 11:31:31+00:00,2024-11-28 10:11:01+00:00
19,1598,Only pack the essentials... like 5 different bikinis for every possible mood swing üíÅüèº‚Äç‚ôÄÔ∏èüëô #overpackerheaven,"Fan Clubs (e.g. specific bands actors), Work-Life Balance for Parents","Entertainment, Family and Parenting",https://testinglive-backend.s3.af-south-1.amazonaws.com/backend/gopaddi/gosocial/posts/assets/XkVUYDJLSRuwKGbJEDK4YM1UAaKuZnuQCm38AEtJ.png,,2024-11-23 11:31:32+00:00,2024-11-28 10:10:58+00:00
21,1596,Pro tip: don't try to navigate the narrow streets of Stockholm's Gamla Stan in a tour bus unless you want to channel your inner rally driver.,"Comedy, Fan Clubs (e.g. specific bands actors), Single Parenting","Entertainment, Entertainment, Family and Parenting",https://testinglive-backend.s3.af-south-1.amazonaws.com/backend/gopaddi/gosocial/posts/assets/z4FnYscGXNFMmH4O3M6L5aLP9Q4XZaRdNenOQwD2.png,,2024-11-22 11:33:10+00:00,2024-11-28 10:10:54+00:00
22,1595,Testing music,Business Strategy and Management,Business and Entrepreneurship,https://testinglive-backend.s3.af-south-1.amazonaws.com/backend/gopaddi/gosocial/posts/assets/w2X6QGKcfh5BraJbBfX79YhtzohcNnXn7hrDhH0c.jpg,,2024-11-22 07:43:01+00:00,2024-11-28 11:11:56+00:00
23,1594,Test,Theater and Performing Arts,Arts and Culture,https://testinglive-backend.s3.af-south-1.amazonaws.com/backend/gopaddi/gosocial/posts/assets/6JIOiN4jbogS5bPG3jgHNNuF6bZrrORyTY3DBUXo.jpg,,2024-11-22 05:36:28+00:00,2024-11-30 12:09:48+00:00
24,1593,Test,Theater and Performing Arts,Arts and Culture,https://testinglive-backend.s3.af-south-1.amazonaws.com/backend/gopaddi/gosocial/posts/assets/kiEiOAwakv2ktlzxeyaiHlBK3v8qA9ydFo2QZkld.jpg,,2024-11-21 13:51:58+00:00,2024-11-30 12:09:44+00:00
25,1591,Test,Theater and Performing Arts,Arts and Culture,https://testinglive-backend.s3.af-south-1.amazonaws.com/backend/gopaddi/gosocial/posts/assets/zZoQxlrM4YJVqBMi8b89bCm4Lc1jzJGw4lOtJtzT.jpg,,2024-11-21 13:48:05+00:00,2024-11-30 12:09:34+00:00
26,1590,"Pack a sense of humor when visiting the Punny Haunted Houses Festival, where you'll get more chills and laughs in one place than a cheesy horror movie marathon.","E-commerce, Podcast Production","Business and Entrepreneurship, Film and Media Production",https://testinglive-backend.s3.af-south-1.amazonaws.com/backend/gopaddi/gosocial/posts/assets/yE0RvbyPUpVgQePEb5RdlORRRccSt9zzZtQSGtuk.png,,2024-11-21 11:32:30+00:00,2024-11-28 10:10:06+00:00
27,1587,Feeling crabby? Head to the Maldives and chill out with some smiling crab memes on the beaches of the Adamantium Atoll!,"Theater and Performing Arts, Comedy, New Parents, Single Parenting","Entertainment, Entertainment, Family and Parenting, Family and Parenting",https://testinglive-backend.s3.af-south-1.amazonaws.com/backend/gopaddi/gosocial/posts/assets/wIifHDrBJ4Xpy0JNvc4dyCwv1Z5Z6zIKxjSEUSRk.png,,2024-11-20 11:32:41+00:00,2024-11-28 11:03:51+00:00
28,1586,Just indulged in the ultimate chocoholic paradise in Switzerland üç´ No such thing as too much chocolate when in I-swirl-land! üòâ,"Comedy, New Parents, Single Parenting, Personal Styling","Entertainment, Family and Parenting, Family and Parenting, Fashion and Beauty",https://testinglive-backend.s3.af-south-1.amazonaws.com/backend/gopaddi/gosocial/posts/assets/dRfqlJPPF6WD3Kj4bGtvonF3KcL78NCjBTtbhvJ7.png,,2024-11-19 11:32:07+00:00,2024-11-28 10:09:46+00:00
29,1585,Warning: Visiting the Land of Smiles may cause a permanent grin on your face! üòÅ #TravelThailand,"Comedy, New Parents, Single Parenting","Entertainment, Family and Parenting, Family and Parenting",https://testinglive-backend.s3.af-south-1.amazonaws.com/backend/gopaddi/gosocial/posts/assets/su5dwwzg2pSfM1lHbULYrKhYSz0vm771OLsY4sFG.png,,2024-11-18 11:32:13+00:00,2024-11-28 11:03:47+00:00
30,1584,Who needs a weight loss retreat when you can just book a vacation in Europe and walk around getting lost in the charming cobblestone streets all day?,"Comedy, Fan Clubs (e.g. specific bands actors)","Entertainment, Entertainment",https://testinglive-backend.s3.af-south-1.amazonaws.com/backend/gopaddi/gosocial/posts/assets/eojLHAIhXaBHFVyjBqH1Z3C9HbYymNBryHZk9KiN.png,,2024-11-17 11:31:26+00:00,2024-11-28 10:09:33+00:00
31,1583,Just discovered a new festival where participants race through the streets in inflatable sumo suits - sign me up for some oversized fun in #Japan!,"Automotive News and Reviews, Comedy","Automotive and Vehicles, Entertainment",https://testinglive-backend.s3.af-south-1.amazonaws.com/backend/gopaddi/gosocial/posts/assets/S8ghSF9a1Eg3wjEc7B4cG19FsR1KCxsslTk1I0ZF.png,,2024-11-16 11:31:29+00:00,2024-11-28 11:03:44+00:00
32,1582,Festivals with free WiFi: because who wants to be stranded in the middle of dancing dinosaurs with no signal?,"Business Strategy and Management, Scrapbooking","Business and Entrepreneurship, Creative Arts and Crafts",https://testinglive-backend.s3.af-south-1.amazonaws.com/backend/gopaddi/gosocial/posts/assets/EYZxapWuPWVEgqvqGqQ5GUZWDH3lmFh6u0nRZCKh.png,,2024-11-15 11:32:02+00:00,2024-11-28 10:09:18+00:00
35,1576,"Sure, going on vacation during a pandemic probably wasn't the best move, unless you were aiming for that awkward tanline from your mask-mails(sort of a face mask-et, if you will?)jadi√®re).","Theater and Performing Arts, Comedy, New Parents","Entertainment, Entertainment, Family and Parenting",https://testinglive-backend.s3.af-south-1.amazonaws.com/backend/gopaddi/gosocial/posts/assets/3ili3FhQqmdRd7NFHiUEoCfHq9GstCYIOBlwvNJY.png,,2024-11-14 11:32:15+00:00,2024-11-28 10:09:14+00:00
39,1572,OmoooooüòÇ,E-commerce,Business and Entrepreneurship,https://testinglive-backend.s3.af-south-1.amazonaws.com/backend/gopaddi/gosocial/posts/assets/FLZ9ThRDeetcXEJTmSI43ibY3I0zF78zNIsUf6TV.jpg,,2024-11-14 06:17:37+00:00,2024-11-28 10:09:10+00:00
40,1571,Chief of staff,"Candle Making, Archaeology, Ancient Civilizations","Creative Arts and Crafts, History and Culture, History and Culture",https://testinglive-backend.s3.af-south-1.amazonaws.com/backend/gopaddi/gosocial/posts/assets/I6uMZgwSX4YpJuwhVLEWk3ss2shxcrWIos2mzCIg.jpg,,2024-11-13 13:40:53+00:00,2024-11-28 10:09:06+00:00
42,1569,hello team,Work-Life Balance for Parents,Family and Parenting,https://testinglive-backend.s3.af-south-1.amazonaws.com/backend/gopaddi/gosocial/posts/assets/Wvwy4l5Mh254Lo1GVi8egVgf2eGlGWhgWKapNsAj.jpg,,2024-11-13 12:06:40+00:00,2024-11-28 10:08:58+00:00
43,1568,Pack light for your vacation - you'll always end up buying too many souvenirs anyways!,"Fan Clubs (e.g. specific bands actors), New Parents","Entertainment, Family and Parenting",https://testinglive-backend.s3.af-south-1.amazonaws.com/backend/gopaddi/gosocial/posts/assets/TSbZ9oE1wpOfcAr21TUlolFGsGyCjdIfYmE6SQlE.png,,2024-11-13 11:32:08+00:00,2024-11-28 10:08:46+00:00
46,1562,Owanbe,Podcast Production,Film and Media Production,https://testinglive-backend.s3.af-south-1.amazonaws.com/backend/gopaddi/gosocial/posts/assets/phDWtaBliemm7P9fjhWXhYFSLJOu4xKGAQmLnKk1.jpg,,2024-11-13 09:40:32+00:00,2024-11-28 11:28:15+00:00
47,1561,hello world,Video Editing,Film and Media Production,https://testinglive-backend.s3.af-south-1.amazonaws.com/backend/gopaddi/gosocial/posts/assets/VTW0zgZ4M5sCvw2AIc6Hz9UN5F0A54Y1TQCPJzJm.jpg,,2024-11-13 09:11:07+00:00,2024-11-28 10:08:34+00:00
66,1542,"If I had a dollar for every time I've gotten lost in Venice's maze of streets, I could afford a gondola ride! #LostInItaly","Comedy, New Parents, Single Parenting","Entertainment, Family and Parenting, Family and Parenting",https://testinglive-backend.s3.af-south-1.amazonaws.com/backend/gopaddi/gosocial/posts/assets/rdFk2MoDB9jrRlTiCsBmGBij25d7lc6MF4yBbbdl.png,,2024-11-11 11:32:02+00:00,2024-11-28 10:08:28+00:00
67,1541,"Book a room at Hotel Arellano this week to stand a chance to win a trip to dubai and three free bets at Arellano Odds Terms and conditions apply, Vamos!!!",Anime and Manga,Entertainment,https://testinglive-backend.s3.af-south-1.amazonaws.com/backend/gopaddi/gosocial/posts/assets/msMwXqjmQDcN8HPQlSoPD1dZoQ7vqnGeVXi9kiwF.jpg,,2024-11-11 10:22:56+00:00,2024-11-28 10:08:24+00:00
68,1540,Trying to make plans for Spring Break? Remember: the only thing you should be taking home is sand in your shoes! üå¥üï∂üåû,"Theater and Performing Arts, Comedy, Celebrity News and Gossip, Anime and Manga, Podcasts, Fan Clubs (e.g. specific bands actors), Single Parenting","Entertainment, Entertainment, Entertainment, Entertainment, Entertainment, Entertainment, Family and Parenting",https://testinglive-backend.s3.af-south-1.amazonaws.com/backend/gopaddi/gosocial/posts/assets/nUiYmbDsJK8FWCPkFgEXKWVytkcv6wiK8ytswjs1.png,,2024-11-10 11:31:24+00:00,2024-11-28 10:08:23+00:00
69,1539,"Get ready to cross ""Snapchatting with palm trees"" off your bucket list - because apparently it's a thing now! üå¥ #OnlyInCalifornia","Scrapbooking, Comedy, Podcasts, Fan Clubs (e.g. specific bands actors), New Parents, Single Parenting","Creative Arts and Crafts, Entertainment, Entertainment, Entertainment, Family and Parenting, Family and Parenting",https://testinglive-backend.s3.af-south-1.amazonaws.com/backend/gopaddi/gosocial/posts/assets/h7KvbuKXnvYFsZd7q57MHl9d3Yy9xZmzpnTH5PMs.png,,2024-11-09 11:31:23+00:00,2024-11-28 10:08:13+00:00
74,1532,TGIF,E-commerce,Business and Entrepreneurship,https://testinglive-backend.s3.af-south-1.amazonaws.com/backend/gopaddi/gosocial/posts/assets/Q8IyVxEDZFohD7TbizYNQkAkjMoP6NcaOhnE9DnR.jpg,,2024-11-08 13:58:17+00:00,2024-11-28 10:08:03+00:00
75,1531,"Dreaming of white sandy beaches, crystal blue waters, and a sunburn that will rival a lobster? Sounds like your next tropical getaway is calling! #VacationGoals üî•üå¥","Theater and Performing Arts, Anime and Manga, Fan Clubs (e.g. specific bands actors), Single Parenting","Entertainment, Entertainment, Entertainment, Family and Parenting",https://testinglive-backend.s3.af-south-1.amazonaws.com/backend/gopaddi/gosocial/posts/assets/DC47KdDsFLo6pISYmYLEg8c6ZAHhBdhR1Yg4jE9K.png,,2024-11-08 11:31:45+00:00,2024-11-28 10:07:54+00:00
76,1530,"Forget sightseeing, I prefer ""flight see-ing"" - my ideal vacation involves lots of napping on the airplane! ‚úàÔ∏èüí§","Theater and Performing Arts, Fan Clubs (e.g. specific bands actors), New Parents","Entertainment, Entertainment, Family and Parenting",https://testinglive-backend.s3.af-south-1.amazonaws.com/backend/gopaddi/gosocial/posts/assets/7lp4xbSBt7x12mdBafw1bzTFFeXhJjNpfe5eC8sf.png,,2024-11-07 11:31:53+00:00,2024-11-28 11:11:29+00:00
77,1529,Fly High!,"Theater and Performing Arts, New Parents","Entertainment, Family and Parenting",https://testinglive-backend.s3.af-south-1.amazonaws.com/backend/gopaddi/gosocial/posts/assets/KBkBt3YyXEM0IwCvnBl9Cte15FLqUHoNQqe6twAT.jpg,,2024-11-07 10:19:03+00:00,2024-11-28 10:07:29+00:00
78,1527,Paint and Sip with me,"Car Enthusiasts, Stock Market","Automotive and Vehicles, Finance and Investment",https://testinglive-backend.s3.af-south-1.amazonaws.com/backend/gopaddi/gosocial/posts/assets/QFrhEYqZSXyvRZmk4ctZ1JBCg40pMDzaR05xKPeL.jpg,,2024-11-06 14:35:13+00:00,2024-11-28 11:11:17+00:00
83,1522,"Stop playing, dev afo here","Jewelry Making, Scrapbooking","Creative Arts and Crafts, Creative Arts and Crafts",https://testinglive-backend.s3.af-south-1.amazonaws.com/backend/gopaddi/gosocial/posts/assets/J8t2g4SGLRcMWRXYQ9OaQFQnvBSPXIyd8AqHiwex.jpg,,2024-11-05 12:02:36+00:00,2024-11-28 10:07:23+00:00
85,1520,"Hold onto your hats, folks! The camel races at the Jaisalmer Desert Festival are about to start - let the hump day festivities begin!","Theater and Performing Arts, Comedy","Entertainment, Entertainment",https://testinglive-backend.s3.af-south-1.amazonaws.com/backend/gopaddi/gosocial/posts/assets/gUVe3aoPfuDgF05liVIOkdzDHmTuqxRNNpu7Lxy9.png,,2024-11-05 11:31:58+00:00,2024-11-28 10:07:19+00:00
88,1517,Just discovered Milford Sound in New Zealand has more beautiful waterfalls than failed relationships in my social circle! #NatureWins,"Off-Roading, New Parents, Single Parenting","Automotive and Vehicles, Family and Parenting, Family and Parenting",https://testinglive-backend.s3.af-south-1.amazonaws.com/backend/gopaddi/gosocial/posts/assets/31wl4eWRIhTM94WvF1cpXqhoWzy9cM0kDe37V9F4.png,,2024-11-04 11:32:21+00:00,2024-11-28 10:07:16+00:00
89,1515,Think you've seen it all? Wait until you witness the lively chaos that is the annual cheese rolling competition in England! üßÄüèÉ‚Äç‚ôÇÔ∏è #CheeseForDays,"Theater and Performing Arts, Comedy","Entertainment, Entertainment",https://testinglive-backend.s3.af-south-1.amazonaws.com/backend/gopaddi/gosocial/posts/assets/vN1LNx5YEQnnipFIfQqQh2mDFG1HLKraBDqjcpJu.png,,2024-11-03 11:31:25+00:00,2024-11-28 10:07:12+00:00
90,1514,"Looking for a parasitic holiday? Visit Lelepa Island in Vanuatu, home to my new eco-friendly friends - local pigs that sunbathe with sunscreen on! üê∑‚òÄÔ∏è","Theater and Performing Arts, Comedy, New Parents, Single Parenting","Entertainment, Entertainment, Family and Parenting, Family and Parenting",https://testinglive-backend.s3.af-south-1.amazonaws.com/backend/gopaddi/gosocial/posts/assets/TyJS6neZPqoMmzImG1dVCmK57022Sc0BeJ3FLDEt.png,,2024-11-02 11:31:23+00:00,2024-11-28 10:07:01+00:00
91,1513,Pack your bags because calories don't count on vacation - it's scientifically proven! üòâ‚úàÔ∏èüå¥ #vacationmode,"Theater and Performing Arts, Comedy, Anime and Manga, Fan Clubs (e.g. specific bands actors), Fashion Design, Screenwriting","Entertainment, Entertainment, Entertainment, Entertainment, Fashion and Beauty, Film and Media Production",https://testinglive-backend.s3.af-south-1.amazonaws.com/backend/gopaddi/gosocial/posts/assets/qOya0UjnPhdGnPUrSmNarUeSbH9Wg5qQFUILRDve.png,,2024-11-01 11:31:44+00:00,2024-11-28 11:03:23+00:00
92,1512,Who needs a compass when you have Google Maps and a questionable sense of direction? üåçüß≠ #LostandFoundVacation,"Theater and Performing Arts, Fan Clubs (e.g. specific bands actors), New Parents","Entertainment, Entertainment, Family and Parenting",https://testinglive-backend.s3.af-south-1.amazonaws.com/backend/gopaddi/gosocial/posts/assets/w1gugcI34DyyAZnQZcULYGtRxAAT4gC2tklT9Gbj.png,,2024-10-31 11:31:57+00:00,2024-11-28 11:11:12+00:00
100,1494,"Went on a hike and when I reached the summit, my WiFi automatically connected to ""Cloud 9""...thanks universe üôÑ #TravelerProblems üòâüåç","Off-Roading, New Parents","Automotive and Vehicles, Family and Parenting",https://testinglive-backend.s3.af-south-1.amazonaws.com/backend/gopaddi/gosocial/posts/assets/XAAoZ0I4YhZE74amqsuYddSNLBbc6HK06bjf5LVh.png,,2024-10-30 11:31:47+00:00,2024-11-28 11:11:05+00:00
101,1492,sdadsacsa,"Comedy, New Parents, Single Parenting","Entertainment, Family and Parenting, Family and Parenting",https://testinglive-backend.s3.af-south-1.amazonaws.com/backend/gopaddi/gosocial/posts/assets/QhGg9Ob8XmOnzS7ojjgqJKD94cqsf8aiYhkdqlBe.webp,,2024-10-30 10:08:26+00:00,2024-11-28 10:06:30+00:00
103,1489,King and Priest,Theater and Performing Arts,Arts and Culture,https://testinglive-backend.s3.af-south-1.amazonaws.com/backend/gopaddi/gosocial/posts/assets/vCdzEUiIYc5dYaYkJ9uyXvA5eQagc2e4hrJmkvnQ.jpg,,2024-10-30 09:45:10+00:00,2024-11-28 10:06:29+00:00
105,1482,"""Who needs a crystal ball when you‚Äôve got a travel map? Let the adventure begin!""","Theater and Performing Arts, New Parents","Entertainment, Family and Parenting",https://testinglive-backend.s3.af-south-1.amazonaws.com/backend/gopaddi/gosocial/posts/assets/PXu4cVemXkXvlur3RMLFHHAGx2OB9DI3JzEKvt40.png,,2024-10-29 11:31:43+00:00,2024-11-28 10:06:14+00:00
106,1481,‚úàÔ∏è‚úàÔ∏è‚úàÔ∏è‚úàÔ∏è,Child Development,Family and Parenting,https://testinglive-backend.s3.af-south-1.amazonaws.com/backend/gopaddi/gosocial/posts/assets/CZzKjQ05N56VLoz2bBvS94ENV8PgUVc9B2VkETRm.png,,2024-10-29 09:17:11+00:00,2024-11-30 12:24:22+00:00
108,1479,#workmode #workmode #workmode,"Candle Making, Baking","Creative Arts and Crafts, Food and Drink",https://testinglive-backend.s3.af-south-1.amazonaws.com/backend/gopaddi/gosocial/posts/assets/U9IQwuJrsF773c1M3a7KAR80m82ql38mGmR5Avfx.jpg,,2024-10-29 09:10:10+00:00,2024-11-28 10:06:00+00:00
109,1478,Chilling in Miami,"Anime and Manga, New Parents, Single Parenting","Entertainment, Family and Parenting, Family and Parenting",https://testinglive-backend.s3.af-south-1.amazonaws.com/backend/gopaddi/gosocial/posts/assets/mgPeCuTt1Z6Mn1jQYiL59c2fk3ksFVghUVX8pEpL.jpg,,2024-10-29 09:08:25+00:00,2024-11-28 10:05:54+00:00
110,1477,Security is key!,"Scrapbooking, Entrepreneurship","Creative Arts and Crafts, Professional and Career",https://testinglive-backend.s3.af-south-1.amazonaws.com/backend/gopaddi/gosocial/posts/assets/e7R2NZVu2GAJHYvgZxfRyNRlgAa4T9TB09pfpTYH.jpg,,2024-10-29 09:05:32+00:00,2024-11-28 10:05:49+00:00
113,1473,Black!,"Theater and Performing Arts, Work-Life Balance for Parents","Arts and Culture, Family and Parenting",https://testinglive-backend.s3.af-south-1.amazonaws.com/backend/gopaddi/gosocial/posts/assets/dmag1TWTxsd5ABFLWxg21nIRRrov02rX9TBVPPRZ.jpg,,2024-10-29 00:22:12+00:00,2024-11-28 11:10:48+00:00
114,1472,hello world of the  90s,"Business Strategy and Management, Scrapbooking","Business and Entrepreneurship, Creative Arts and Crafts",https://testinglive-backend.s3.af-south-1.amazonaws.com/backend/gopaddi/gosocial/posts/assets/Yedfj1hnetdWG4ZQZLbeem8gVfrvUPG0Rar5sran.jpg,,2024-10-28 13:12:50+00:00,2024-11-28 11:10:41+00:00
115,1471,"Get ready to unleash your inner pirate at the annual Talk Like a Pirate Day festival in Penzance, UK - Arrrr you ready for some shenanigans on the high seas? üè¥‚Äç‚ò†Ô∏è #TalkLikeAPirate","New Parents, Single Parenting, Podcast Production","Family and Parenting, Family and Parenting, Film and Media Production",https://testinglive-backend.s3.af-south-1.amazonaws.com/backend/gopaddi/gosocial/posts/assets/07Iv6p2nduTnRZ3FvJlvPno95PlMDkGt2MX3f0zG.png,,2024-10-27 11:31:30+00:00,2024-11-28 10:05:20+00:00
116,1470,Get ready to dance your way through the night at the world's biggest electronic music festival - it's either that or pay the price for bringing too many snacks into the airplane.,"Business Strategy and Management, New Parents, Fashion Design","Business and Entrepreneurship, Family and Parenting, Fashion and Beauty",https://testinglive-backend.s3.af-south-1.amazonaws.com/backend/gopaddi/gosocial/posts/assets/C7iUE6epD2q8hFjBQCoCx9DRzEKUW2m5yLAg6BJy.png,,2024-10-26 11:31:22+00:00,2024-11-28 10:05:17+00:00
117,1469,nothing like cheese,"Visual Arts, Fashion Design","Arts and Culture, Fashion and Beauty",https://testinglive-backend.s3.af-south-1.amazonaws.com/backend/gopaddi/gosocial/posts/assets/25Xr3Z8ztpcsaVFZO6wbMHjFXyLbwcCj1ZtoD7M0.jpg,,2024-10-25 21:34:13+00:00,2024-11-28 10:05:07+00:00
118,1468,Test!,E-commerce,Business and Entrepreneurship,https://testinglive-backend.s3.af-south-1.amazonaws.com/backend/gopaddi/gosocial/posts/assets/67CH2NxmB2tsEsCaevNftXzHZAVadoPev29zMtqK.jpg,,2024-10-25 20:28:09+00:00,2024-11-28 10:05:03+00:00
119,1466,Test,Theater and Performing Arts,Arts and Culture,https://testinglive-backend.s3.af-south-1.amazonaws.com/backend/gopaddi/gosocial/posts/assets/SCf4OyJoljb42M39WLy2waMEXa6wMFYDjJLDFCdz.jpg,,2024-10-25 20:24:29+00:00,2024-11-28 10:04:57+00:00
121,1462,"Get ready to wine and dine your way through France's Champagne region, because popping bottles of bubbly is actually a workout here! üí™ #SweatingForChampagne","Comedy, Anime and Manga, New Parents, Single Parenting, Haircare","Entertainment, Entertainment, Family and Parenting, Family and Parenting, Fashion and Beauty",https://testinglive-backend.s3.af-south-1.amazonaws.com/backend/gopaddi/gosocial/posts/assets/bqKD0V91dFxyVXzyA47KmPUvvlzh2Dnxcs8hw6sc.png,,2024-10-25 11:31:53+00:00,2024-11-28 10:04:52+00:00
123,1456,I am excited to be here!,"Comedy, Podcast Production","Entertainment, Film and Media Production",https://testinglive-backend.s3.af-south-1.amazonaws.com/backend/gopaddi/gosocial/posts/assets/s381k1BElZIEsALTaIgoENA7VhTSfGZz9MdASf18.jpg,,2024-10-24 12:22:13+00:00,2024-11-28 11:02:57+00:00
124,1454,Throwback to when my suitcase weighed more than me üòÖ Where should I travel next? üåè #Wanderlust,"Theater and Performing Arts, Comedy, Fan Clubs (e.g. specific bands actors), New Parents, Single Parenting","Entertainment, Entertainment, Entertainment, Family and Parenting, Family and Parenting",https://testinglive-backend.s3.af-south-1.amazonaws.com/backend/gopaddi/gosocial/posts/assets/VPxGntWTaA4YaU57kddMPew9dq8KCJhOEbtOCJPJ.png,,2024-10-24 11:31:47+00:00,2024-11-28 10:04:46+00:00
433,1008,üòçüòçüòçüòç,"Visual Arts, Fashion Design","Arts and Culture, Fashion and Beauty",https://testinglive-backend.s3.af-south-1.amazonaws.com/backend/gopaddi/gosocial/posts/assets/wiSeSzVHPQLPSvvNJrOg9At22fPEYKzKIQF3fLbU.jpg,,2024-10-23 16:27:06+00:00,2024-11-28 10:04:36+00:00
434,1007,üåöüåöüåö,Business Networking,Business and Entrepreneurship,https://testinglive-backend.s3.af-south-1.amazonaws.com/backend/gopaddi/gosocial/posts/assets/KeShygO8c3Mp2kRs9ilpRfBTtdBtN2mIpNuZuWRX.jpg,,2024-10-23 16:09:59+00:00,2024-11-28 11:02:54+00:00
435,1006,repent today !   that code wey you patch.. write am well. jesus is coming,Life Skills,Personal Development and Self-Improvement,https://testinglive-backend.s3.af-south-1.amazonaws.com/backend/gopaddi/gosocial/posts/assets/MozuAQPmNmBfOxMW3pKzpKZtezUb19pnFO0m1gcr.jpg,,2024-10-23 14:26:52+00:00,2024-11-28 10:04:29+00:00
436,1005,Ready to zip line through the Costa Rican rainforest and most likely lose your GoPro in the process? Let's go!,"Off-Roading, Theater and Performing Arts, New Parents","Automotive and Vehicles, Entertainment, Family and Parenting",https://testinglive-backend.s3.af-south-1.amazonaws.com/backend/gopaddi/gosocial/posts/assets/ir93AX8uplPZs4TmxUxFzkf5BebpvJQtYCPmJdrq.png,,2024-10-23 11:31:44+00:00,2024-11-28 10:04:27+00:00
442,993,My money grows like figs,"Parenting Support Groups, Historical Events","Family and Parenting, History and Culture",https://testinglive-backend.s3.af-south-1.amazonaws.com/backend/gopaddi/gosocial/posts/assets/0PXlzMfIMy9Y0GuxE5nWJ8nnr00yYkicIMTxYouL.jpg,,2024-10-22 10:07:34+00:00,2024-11-28 10:04:23+00:00
443,992,fff,"E-commerce, Leadership and Mentoring","Business and Entrepreneurship, Business and Entrepreneurship",https://testinglive-backend.s3.af-south-1.amazonaws.com/backend/gopaddi/gosocial/posts/assets/MY25YdaVXu5SDb2DRNLM3Ldfrwj8jTHPv14yQFSy.jpg,,2024-10-22 09:57:44+00:00,2024-11-28 10:04:10+00:00
445,990,I bought this platter for 5k. Location is hidden,"Visual Arts, Fashion Design","Arts and Culture, Fashion and Beauty",https://testinglive-backend.s3.af-south-1.amazonaws.com/backend/gopaddi/gosocial/posts/assets/riH8VXi7XnEmGSvVWZBFswmi57n3Z14uXzd1fdRx.jpg,,2024-10-22 09:39:08+00:00,2024-11-28 10:04:02+00:00
446,989,Diary 101,"Visual Arts, Screenwriting","Arts and Culture, Film and Media Production",https://testinglive-backend.s3.af-south-1.amazonaws.com/backend/gopaddi/gosocial/posts/assets/NMg3vG8P6rquObdtRwXlJywDsZUbKWr9n1Tg4wVy.jpg,,2024-10-22 09:38:23+00:00,2024-11-28 11:27:59+00:00
449,986,"In an era where the striker market is pretty non-existent, we're blessed to have grabbed Rasmus H√∏jlund at 20 years of age.","Automotive News and Reviews, Jewelry Making","Automotive and Vehicles, Creative Arts and Crafts",https://testinglive-backend.s3.af-south-1.amazonaws.com/backend/gopaddi/gosocial/posts/assets/hQCbQIQWZwFjLd4QSvRryoUx0Y6LwQW0XbKsxyyt.jpg,,2024-10-22 09:23:38+00:00,2024-11-28 11:02:45+00:00
460,971,Digital footprint!,"Scrapbooking, DIY Home Decor","Creative Arts and Crafts, DIY and Home Improvement",https://testinglive-backend.s3.af-south-1.amazonaws.com/backend/gopaddi/gosocial/posts/assets/xmDMDs8cGdSgOYDJTFtYMplNKXIcJ0EewaUQ5QYz.jpg,,2024-10-21 19:29:48+00:00,2024-11-28 11:02:42+00:00
462,969,hello,"E-commerce, Food Photography","Business and Entrepreneurship, Food and Drink",https://testinglive-backend.s3.af-south-1.amazonaws.com/backend/gopaddi/gosocial/posts/assets/mJazh5aHYn7Jtk38OpsCKvpVt1k7aZzMsggyBurw.jpg,,2024-10-21 15:26:07+00:00,2024-11-28 11:27:44+00:00
463,968,hello,"E-commerce, Food Photography","Business and Entrepreneurship, Food and Drink",https://testinglive-backend.s3.af-south-1.amazonaws.com/backend/gopaddi/gosocial/posts/assets/IsylKAnSn0isgVSYyCIMwaxrhSCyrbYQ2waWvPjl.jpg,,2024-10-21 15:24:01+00:00,2024-11-28 11:10:23+00:00
465,964,Work,Archaeology,History and Culture,https://testinglive-backend.s3.af-south-1.amazonaws.com/backend/gopaddi/gosocial/posts/assets/bhIV9vh1VAiTPu1DS1yXQbMCahrBCRJUzQEtvAyd.jpg,,2024-10-21 15:06:29+00:00,2024-11-28 11:10:18+00:00
466,963,Puppy,Dialects and Regional Languages,Language and Culture,https://testinglive-backend.s3.af-south-1.amazonaws.com/backend/gopaddi/gosocial/posts/assets/OScr6sk7VDeBGeN9WGJLxggR6lNryFkO0F2gIi6N.jpg,,2024-10-21 15:02:15+00:00,2024-11-28 11:10:09+00:00
467,962,Fashion world,Work-Life Balance for Parents,Family and Parenting,https://testinglive-backend.s3.af-south-1.amazonaws.com/backend/gopaddi/gosocial/posts/assets/jAFbSXXTN9gJNff2sivDDacamWzXDtEs6L19LGH9.jpg,,2024-10-21 15:00:23+00:00,2024-11-28 10:03:23+00:00
469,960,@olajide-zaccheaus-66b4a4b305742 Come and explain sir,"Business Networking, Work-Life Balance for Parents","Business and Entrepreneurship, Family and Parenting",https://testinglive-backend.s3.af-south-1.amazonaws.com/backend/gopaddi/gosocial/posts/assets/04gewk7PdXegNegJGI7rrVA6Jk5fbGu4RvMkYGNf.png,,2024-10-21 14:20:00+00:00,2024-11-30 12:24:13+00:00
472,956,"Who needs sleep when you have wanderlust? Let's explore Tokyo's quirky Robot Restaurant with robots, neon lights, and more sass than a sequin queen!","Comedy, New Parents, Single Parenting","Entertainment, Family and Parenting, Family and Parenting",https://testinglive-backend.s3.af-south-1.amazonaws.com/backend/gopaddi/gosocial/posts/assets/zIl5k1IlAhIHp9P5Bny3GdZDrPvH4QIWHJHTMmj6.png,,2024-10-21 11:32:10+00:00,2024-11-28 10:03:18+00:00
474,933,Tell me something scarier,Leadership and Mentoring,Business and Entrepreneurship,https://testinglive-backend.s3.af-south-1.amazonaws.com/backend/gopaddi/gosocial/posts/assets/DcksBd4gijeh0adIGKHEwc3LQNKmo0mgqp5I84yy.webp,,2024-10-20 16:43:53+00:00,2024-11-28 10:03:07+00:00
475,932,Hello world,"E-commerce, Jewelry Making","Business and Entrepreneurship, Creative Arts and Crafts",https://testinglive-backend.s3.af-south-1.amazonaws.com/backend/gopaddi/gosocial/posts/assets/KQjcuMfFRcGbLQ8sRoisZP8nWHLtXJoqPBwYfEhp.jpg,,2024-10-20 16:35:50+00:00,2024-11-28 10:02:59+00:00
476,931,"Packing 20 outfit options for a weekend getaway is called being prepared, not indecisive.","Comedy, Anime and Manga, Fan Clubs (e.g. specific bands actors), New Parents","Entertainment, Entertainment, Entertainment, Family and Parenting",https://testinglive-backend.s3.af-south-1.amazonaws.com/backend/gopaddi/gosocial/posts/assets/Ag2REAjAwMwRn0TtEN9al0bNqk3wkYiWud8c3JOH.png,,2024-10-20 11:31:21+00:00,2024-11-28 10:02:57+00:00
480,927,So I ditched my luggage and hired a Sherpa for my next trip. Who needs overhead space when you have a personal porter!? #TravelTales,"Theater and Performing Arts, Fan Clubs (e.g. specific bands actors)","Entertainment, Entertainment",https://testinglive-backend.s3.af-south-1.amazonaws.com/backend/gopaddi/gosocial/posts/assets/up43EY1OLB02DQqTGKVZOxO4JXWWP0KTD2R6wUCA.png,,2024-10-19 11:31:20+00:00,2024-11-28 11:09:57+00:00
484,923,"""So apparently organizing a self-guided tour of all the food options in New Orleans is technically called 'flavor exploring'"", I'm already an expert explorer üîç üåÆ ü§§ #foodieadventures","Comedy, New Parents, Single Parenting, Personal Styling, Fashion Design, Screenwriting","Entertainment, Family and Parenting, Family and Parenting, Fashion and Beauty, Fashion and Beauty, Film and Media Production",https://testinglive-backend.s3.af-south-1.amazonaws.com/backend/gopaddi/gosocial/posts/assets/mXgqHW7fZUZj21LsfYIu15jPScJYYd5clxHIIjHY.png,,2024-10-18 11:31:43+00:00,2024-11-28 10:02:37+00:00
492,915,Just wrestled with a passport photo machine that thinks I'm a giraffe - heading to photograph stunning sunsets at Angkor Wat!,"Comedy, New Parents, Single Parenting","Entertainment, Family and Parenting, Family and Parenting",https://testinglive-backend.s3.af-south-1.amazonaws.com/backend/gopaddi/gosocial/posts/assets/jx4zdEOCs9LcZREkZFf6r6a3BIxgPDEtfsERo4We.png,,2024-10-17 11:31:50+00:00,2024-11-28 11:09:46+00:00
501,905,Will tell you later,Car Enthusiasts,Automotive and Vehicles,https://testinglive-backend.s3.af-south-1.amazonaws.com/backend/gopaddi/gosocial/posts/assets/Fq4OJgYBHgAyJh4XgqQjftoFJrzdw5H6064qGUjC.jpg,,2024-10-16 22:09:00+00:00,2024-11-28 11:09:39+00:00
502,904,Who needs a passport when your favorite barista can already take you on a caffeine-fueled journey around the globe? ‚òïÔ∏è‚úàÔ∏è #TravelFromYourCouch,"Fan Clubs (e.g. specific bands actors), New Parents, Nail Art","Entertainment, Family and Parenting, Fashion and Beauty",https://testinglive-backend.s3.af-south-1.amazonaws.com/backend/gopaddi/gosocial/posts/assets/y4pUegv0ufKkU9irCB1AxuIKT5wKbYrWt8ytzeql.png,,2024-10-16 11:31:47+00:00,2024-11-28 11:09:33+00:00
504,902,Our president no like us,"E-commerce, Food Photography","Business and Entrepreneurship, Food and Drink",https://testinglive-backend.s3.af-south-1.amazonaws.com/backend/gopaddi/gosocial/posts/assets/PVX93QgnFHKApaxftpkvvonUCVZ2MIOUlK6WbbDH.jpg,,2024-10-15 13:34:12+00:00,2024-11-28 10:02:18+00:00
505,901,Happy Birthday to Me,Theater and Performing Arts,Arts and Culture,https://testinglive-backend.s3.af-south-1.amazonaws.com/backend/gopaddi/gosocial/posts/assets/ZixZ8sdnn9aR9l4lTvuXxv3J71E7I2CD5ZvH0Y5G.jpg,,2024-10-15 13:32:36+00:00,2024-11-28 11:09:26+00:00
507,899,hello Germany,"Comedy, New Parents, Single Parenting","Entertainment, Family and Parenting, Family and Parenting",https://testinglive-backend.s3.af-south-1.amazonaws.com/backend/gopaddi/gosocial/posts/assets/Xn9R48aQ8s56jPESAfu3kTx6rf31HOH8RAgRBoyQ.jpg,,2024-10-15 06:46:44+00:00,2024-11-28 10:02:01+00:00
512,894,"Get ready to snack your way through ""Cheese d'Elegance"" - the village block party where you can wine, cheese and watch hilarious cow costume parade in Contern, Luxembourg! üßÄüç∑üêÑ","New Parents, Haircare, Fashion Design, Podcast Production","Family and Parenting, Fashion and Beauty, Fashion and Beauty, Film and Media Production",https://testinglive-backend.s3.af-south-1.amazonaws.com/backend/gopaddi/gosocial/posts/assets/2oDahGU1JXUTPH5Qso8cq6baEh5IJr3Pdl4Dtz7z.png,,2024-10-13 11:31:41+00:00,2024-11-28 10:01:59+00:00
513,893,"If packing for a trip was an Olympic sport, I would definitely be on Team Procrastination. #TravelProcrastinator","E-commerce, Fan Clubs (e.g. specific bands actors)","Business and Entrepreneurship, Entertainment",https://testinglive-backend.s3.af-south-1.amazonaws.com/backend/gopaddi/gosocial/posts/assets/DVIbdQjyOq57asRoUcWn5IstdokZEv6459GnwgLK.png,,2024-10-12 11:31:18+00:00,2024-11-28 10:01:55+00:00
516,890,can i buy this on gomarket,Music and Instrumental,Arts and Culture,https://testinglive-backend.s3.af-south-1.amazonaws.com/backend/gopaddi/gosocial/posts/assets/gqXsYHdgeOS9NPNEdHbWnRWtVVdNCsGtHOPEhbzu.jpg,,2024-10-10 15:29:26+00:00,2024-11-28 10:01:45+00:00
519,887,Throwback to when my suitcase was heavier than my entire wardrobe. Worth it for the insta pics though. #travelstruggles,"Fan Clubs (e.g. specific bands actors), New Parents","Entertainment, Family and Parenting",https://testinglive-backend.s3.af-south-1.amazonaws.com/backend/gopaddi/gosocial/posts/assets/IsE5sWNkTZD4iMEMp3Lir0TXWpT5dwW6wL75U7MH.png,,2024-10-10 11:31:44+00:00,2024-11-28 11:09:21+00:00
520,886,Pather Panchali (1955),"Investment and Venture Capital, Media Critique and Analysis","Business and Entrepreneurship, Film and Media Production",https://testinglive-backend.s3.af-south-1.amazonaws.com/backend/gopaddi/gosocial/posts/assets/nDUnsK5vIR77mhm6oCGgRwP8S6OONx1TgmmRb7i4.png,,2024-10-10 11:04:07+00:00,2024-11-30 12:24:07+00:00
522,884,Beautiful VG Ladiesüòç,"Business Networking, Jewelry Making, Work-Life Balance for Parents","Business and Entrepreneurship, Creative Arts and Crafts, Family and Parenting",https://testinglive-backend.s3.af-south-1.amazonaws.com/backend/gopaddi/gosocial/posts/assets/HHzMf9GKPw3hX8h89eIjlfXm5kLrEljm9815yh09.jpg,,2024-10-10 10:53:48+00:00,2024-11-28 10:01:15+00:00
525,881,‚ùì‚ùì‚ùì‚ùì‚ùì‚ùì‚ùì‚ùì,Scrapbooking,Creative Arts and Crafts,https://testinglive-backend.s3.af-south-1.amazonaws.com/backend/gopaddi/gosocial/posts/assets/2EzEajMkJ6NSruh5Mv4OEWJwtvAOwXiCBBrpzJTc.jpg,,2024-10-10 10:47:38+00:00,2024-11-28 10:01:04+00:00
526,879,"Day 2 of CS Week, and the energy is still high! From amazing conversations to shared laughs, it‚Äôs been a blast so far. Can‚Äôt wait to see what the rest of the week has in store!","Jewelry Making, Retirement Planning, Budgeting and Saving, Financial Independence","Creative Arts and Crafts, Finance and Investment, Finance and Investment, Finance and Investment",https://testinglive-backend.s3.af-south-1.amazonaws.com/backend/gopaddi/gosocial/posts/assets/gMxgUeZuOvELCjnE6rqkhlMKwyBpkSYAI4NSYxS7.jpg,,2024-10-10 10:37:06+00:00,2024-11-28 10:01:02+00:00
527,878,Make memories in Miami,"Comedy, Anime and Manga, New Parents, Single Parenting","Entertainment, Entertainment, Family and Parenting, Family and Parenting",https://testinglive-backend.s3.af-south-1.amazonaws.com/backend/gopaddi/gosocial/posts/assets/YcY3MvcCScZaTVahK9XwkNrJkYxFYgKplcVRrSkw.jpg,,2024-10-10 10:36:24+00:00,2024-11-28 10:00:52+00:00
528,877,Meet Adventure in Medelin,"Theater and Performing Arts, Comedy, Single Parenting","Entertainment, Entertainment, Family and Parenting",https://testinglive-backend.s3.af-south-1.amazonaws.com/backend/gopaddi/gosocial/posts/assets/A0I93UPyGDooziJ5CzUTEu9tlY68IGObBOROVvyW.jpg,,2024-10-10 10:34:35+00:00,2024-11-28 10:00:40+00:00
529,876,The only,Theater and Performing Arts,Arts and Culture,https://testinglive-backend.s3.af-south-1.amazonaws.com/backend/gopaddi/gosocial/posts/assets/YbsRYxOzGAA7rIlxNNQEzs4rXC8KzR7UutoLLfvx.jpg,,2024-10-10 10:32:40+00:00,2024-11-28 10:00:31+00:00
530,875,hih‚úÖ,Work-Life Balance for Parents,Family and Parenting,https://testinglive-backend.s3.af-south-1.amazonaws.com/backend/gopaddi/gosocial/posts/assets/cB8G18h6kinlKD0Bl91XDEp0QQNPaq1tvY3d0seo.jpg,,2024-10-10 10:27:27+00:00,2024-11-28 11:02:44+00:00
531,873,We are on vacation.... Beware of those boys...,"Parenting Teens, Educational Resources for Kids","Family and Parenting, Family and Parenting",https://testinglive-backend.s3.af-south-1.amazonaws.com/backend/gopaddi/gosocial/posts/assets/vRwMsIUL0UnLE7xgoqn3PmRDfHKqvoXhYLdcnNU2.png,,2024-10-10 10:21:11+00:00,2024-11-30 12:23:43+00:00
533,872,POV : When my products goes live üòÄ,"Real Estate Investment, Wellness Retreats, Historical Reenactments","Finance and Investment, Health and Wellness, History and Culture",https://testinglive-backend.s3.af-south-1.amazonaws.com/backend/gopaddi/gosocial/posts/assets/fnlitMwKZg49XJS5o3UAPTPKn9frlllZSJRlQH36.jpg,,2024-10-10 10:16:07+00:00,2024-11-28 10:00:13+00:00
534,871,"CS Week has been a fantastic ride, and the smiles on our faces say it all!","Theater and Performing Arts, Automotive News and Reviews, Jewelry Making","Arts and Culture, Automotive and Vehicles, Creative Arts and Crafts",https://testinglive-backend.s3.af-south-1.amazonaws.com/backend/gopaddi/gosocial/posts/assets/uz1w0OGJ1CYVWs6FGL2wK3pVtELoDD35k4rsZrZt.jpg,,2024-10-10 10:07:41+00:00,2024-11-28 10:00:11+00:00
535,870,Culture of stars,Non-Fiction Writing,Creative Writing and Literature,https://testinglive-backend.s3.af-south-1.amazonaws.com/backend/gopaddi/gosocial/posts/assets/LE6OsS2BEEDowU9Lc16f3pga7XYs4fuapbLV3Dhy.jpg,,2024-10-10 10:00:50+00:00,2024-11-28 11:02:30+00:00
536,869,Bolzano Christmas üéÑ,"Anime and Manga, New Parents, Single Parenting, Podcast Production","Entertainment, Family and Parenting, Family and Parenting, Film and Media Production",https://testinglive-backend.s3.af-south-1.amazonaws.com/backend/gopaddi/gosocial/posts/assets/IIe0OxpLFgR4yay8MZowO3vBqtrxC6Rao4m49Dnv.jpg,,2024-10-10 09:58:21+00:00,2024-11-28 11:08:51+00:00
537,868,Day 3 of Customer Service week and we repping our favourite teams,"Automotive News and Reviews, Jewelry Making","Automotive and Vehicles, Creative Arts and Crafts",https://testinglive-backend.s3.af-south-1.amazonaws.com/backend/gopaddi/gosocial/posts/assets/YlFRyE21glry0lDEtEFkJMV1E4VJLAjWcxvV6F12.jpg,,2024-10-10 09:55:40+00:00,2024-11-28 09:59:40+00:00
538,866,Dj Tofs in actions!,Business Strategy and Management,Business and Entrepreneurship,https://testinglive-backend.s3.af-south-1.amazonaws.com/backend/gopaddi/gosocial/posts/assets/wQENR9qtdOWNxX4Jbk8lIGNY0WWsxqYmjktz8JAV.jpg,,2024-10-10 09:44:15+00:00,2024-11-28 11:08:45+00:00
540,864,üòç,"Publishing and Self-Publishing, Comedy, New Parents, Single Parenting","Creative Writing and Literature, Entertainment, Family and Parenting, Family and Parenting",https://testinglive-backend.s3.af-south-1.amazonaws.com/backend/gopaddi/gosocial/posts/assets/7J27TWrHBQUVRlphJByjpsmWakBqtRxDePGMAES7.png,,2024-10-10 09:38:23+00:00,2024-11-30 12:08:50+00:00
541,863,CS Week 24,"Automotive News and Reviews, Jewelry Making","Automotive and Vehicles, Creative Arts and Crafts",https://testinglive-backend.s3.af-south-1.amazonaws.com/backend/gopaddi/gosocial/posts/assets/kCnF5szDMHGhzJHoeRIAzKComJaCSTIhPObjZKDx.jpg,,2024-10-10 09:35:58+00:00,2024-11-28 11:02:13+00:00
542,862,CS Week 24 Highlights: Surrounded by Beautiful People Everywhere!,"Automotive News and Reviews, Jewelry Making","Automotive and Vehicles, Creative Arts and Crafts",https://testinglive-backend.s3.af-south-1.amazonaws.com/backend/gopaddi/gosocial/posts/assets/aqnRi48OCq9mrb6X88GEhnbqGuZRVnat26h1xOeY.jpg,,2024-10-10 09:31:10+00:00,2024-11-28 09:59:27+00:00
549,855,share you experience üòÖ,"Cultural Festivals, Candle Making","Arts and Culture, Creative Arts and Crafts",https://testinglive-backend.s3.af-south-1.amazonaws.com/backend/gopaddi/gosocial/posts/assets/mqWvR6o7WyFRzshgYbA9ZG8rshfGLvEgL4jUJuea.jpg,,2024-10-10 07:53:13+00:00,2024-11-28 09:59:09+00:00
575,829,Best manager in the world. Arteta who?,"Automotive News and Reviews, Jewelry Making","Automotive and Vehicles, Creative Arts and Crafts",https://testinglive-backend.s3.af-south-1.amazonaws.com/backend/gopaddi/gosocial/posts/assets/3N8lUqYi8YXRBjmH9dyiBquRPDpjPIjYi9jG3W89.jpg,,2024-10-09 14:46:50+00:00,2024-11-28 09:59:06+00:00
578,826,Beware of wanderlust: it can lead to spontaneous adventures and overspending on cute souvenirs. üí∏üåç,"Fan Clubs (e.g. specific bands actors), New Parents, Single Parenting","Entertainment, Family and Parenting, Family and Parenting",https://testinglive-backend.s3.af-south-1.amazonaws.com/backend/gopaddi/gosocial/posts/assets/Q5IcAjklHObcHnzRnqAXh5vUvFT3ffcjOoGIteNL.png,,2024-10-09 11:31:46+00:00,2024-11-28 09:58:57+00:00
583,821,Testing my post,Work-Life Balance for Parents,Family and Parenting,https://testinglive-backend.s3.af-south-1.amazonaws.com/backend/gopaddi/gosocial/posts/assets/j7HZWtk4ntcg3ijmMDY3sNQysLo5nOqajADi7rdt.jpg,,2024-10-09 08:19:07+00:00,2024-11-28 11:08:38+00:00
585,818,Who needs a gym membership when you can hike up a mountain for free while avoiding getting attacked by bears!? üêªüí™ #stronglegsweakwildlife,"Off-Roading, Theater and Performing Arts, Comedy","Automotive and Vehicles, Entertainment, Entertainment",https://testinglive-backend.s3.af-south-1.amazonaws.com/backend/gopaddi/gosocial/posts/assets/oetBH7uN3IUjW0lbX6ojW2s7MEtoSkKAZkP46OPf.png,,2024-10-08 11:32:03+00:00,2024-11-28 09:58:43+00:00
586,817,üëçüëçüëçüëçüëç,"Fiction Writing, Job Hunting","Creative Writing and Literature, Professional and Career",https://testinglive-backend.s3.af-south-1.amazonaws.com/backend/gopaddi/gosocial/posts/assets/7FDpEXpfutRFkJpFLWLkd2DKobghEyJpS2bMGt5f.webp,,2024-10-08 07:12:48+00:00,2024-11-28 11:02:01+00:00
592,811,Exploring the Eiffel Tower: Because standing in long lines just to take a selfie is the ultimate Parisian experience.,"Comedy, New Parents, Single Parenting","Entertainment, Family and Parenting, Family and Parenting",https://testinglive-backend.s3.af-south-1.amazonaws.com/backend/gopaddi/gosocial/posts/assets/nAc9OmgAPbLqIyaT0TsqjKaIKBNr4Mp2Rulk6NYX.png,,2024-10-07 11:31:45+00:00,2024-11-28 11:01:56+00:00
593,810,"""Remember, calories don't count on vacation - try all the gelato flavors in Rome!"" üç®#VacationDiet","Anime and Manga, Single Parenting, Personal Styling, Fashion Design, Screenwriting","Entertainment, Family and Parenting, Fashion and Beauty, Fashion and Beauty, Film and Media Production",https://testinglive-backend.s3.af-south-1.amazonaws.com/backend/gopaddi/gosocial/posts/assets/8meK2876gI5J1xFgOckjPrs59IOv1sNuiopw7wR8.png,,2024-10-06 11:31:20+00:00,2024-11-28 09:58:18+00:00
594,809,Pack five outfits for a weekend getaway so your suitcase can judge you for your indecisiveness too. üß≥,Work-Life Balance for Parents,Family and Parenting,https://testinglive-backend.s3.af-south-1.amazonaws.com/backend/gopaddi/gosocial/posts/assets/kgReQgq8E0duCHWI0XXvDwus3PFacfOQRm7C7YPu.png,,2024-10-05 11:31:27+00:00,2024-11-28 09:58:14+00:00
596,807,"""Travel Tip: Remember, the only time it's acceptable to text 'I'm never coming back' is when visiting a destination you never want to leave.""","Theater and Performing Arts, Fan Clubs (e.g. specific bands actors)","Entertainment, Entertainment",https://testinglive-backend.s3.af-south-1.amazonaws.com/backend/gopaddi/gosocial/posts/assets/eZ8TUv6PPQY6gY1MmQqoOnVfrDnMhyVTpayATCTy.png,,2024-10-04 11:31:25+00:00,2024-11-28 11:01:51+00:00
597,806,üëçüëçüëç,"Candle Making, Fiction Writing, Poetry, Entrepreneurship","Creative Arts and Crafts, Creative Writing and Literature, Creative Writing and Literature, Professional and Career",https://testinglive-backend.s3.af-south-1.amazonaws.com/backend/gopaddi/gosocial/posts/assets/1mrZ0IOvROtSZpbPiQn64WDKz2rweXdCIaLKc6b9.jpg,,2024-10-04 06:36:44+00:00,2024-11-28 09:58:08+00:00
598,805,"Swimming in the Dead Sea is an ideal skincare routine: sunblock, enriching minerals, and chic floaties required.","Motorsport, New Parents, Wildcrafting and Foraging","Automotive and Vehicles, Family and Parenting, Outdoor and Nature Activities",https://testinglive-backend.s3.af-south-1.amazonaws.com/backend/gopaddi/gosocial/posts/assets/EsU6A0BLyDL2CdkQ05QscGywSyFdIqqumObv0Yn3.png,,2024-10-03 11:31:29+00:00,2024-11-28 09:58:06+00:00
600,803,Just found out that Iceland is actually green and Greenland is icy - what a travel twist!,"Theater and Performing Arts, Comedy, New Parents","Entertainment, Entertainment, Family and Parenting",https://testinglive-backend.s3.af-south-1.amazonaws.com/backend/gopaddi/gosocial/posts/assets/BSxU6TfTUgKxXVtds6cgDhfqNOkdKUhS0PrVpz0M.png,,2024-10-02 11:31:48+00:00,2024-11-28 09:58:02+00:00
601,802,"Tech-driven innovation is my compass. Fueled by passion and a relentless pursuit of progress, let's shape a brighter future together.Drop a üí° in the comments if you're ready to embrace change and drive innovation with me! #gopaddi #TechRevolution  #DreamBig #MakeADifference","Candle Making, Poetry","Creative Arts and Crafts, Creative Writing and Literature",https://testinglive-backend.s3.af-south-1.amazonaws.com/backend/gopaddi/gosocial/posts/assets/1Ktan8NLaXrw2aN82gSBtn3huGsnOa2ozhdb0L1T.jpg,,2024-10-02 00:41:15+00:00,2024-11-28 09:57:59+00:00
602,799,"Did you know that in Japan, you can visit an island filled with friendly deer who might just steal your snacks? ü¶åüáØüáµ","Theater and Performing Arts, Comedy, Single Parenting","Entertainment, Entertainment, Family and Parenting",https://testinglive-backend.s3.af-south-1.amazonaws.com/backend/gopaddi/gosocial/posts/assets/8NQOSnHOGCFBxtP0UWIIxBRIfKtV3hmagPhtdrtH.png,,2024-10-01 11:31:33+00:00,2024-11-28 09:57:57+00:00
603,797,"So apparently, eating a Danish pastry while strolling through Copenhagen automatically makes you closer to being a Viking. üè∞üá©üá∞","Comedy, Fashion Design, Screenwriting","Entertainment, Fashion and Beauty, Film and Media Production",https://testinglive-backend.s3.af-south-1.amazonaws.com/backend/gopaddi/gosocial/posts/assets/cWZ0Nd4ddoK7aKp0X3rDMMeiLelnKWpFCku2gsVu.png,,2024-09-29 11:31:20+00:00,2024-11-28 09:57:48+00:00
604,796,Here's a tip for surviving long flights: bring snacks... and plenty of extra patience for the crying babies! #TravelTips,New Parents,Family and Parenting,https://testinglive-backend.s3.af-south-1.amazonaws.com/backend/gopaddi/gosocial/posts/assets/vdOPeDVoeEcwXXtZBkGS30BZdFyEpCryjJKClVSj.png,,2024-09-28 11:31:26+00:00,2024-11-28 09:57:44+00:00
605,795,"""What do you call a boomerang that doesn't come back? A stick. Speaking of sticks, let's go explore the outback in Australia!""","E-commerce, Theater and Performing Arts","Business and Entrepreneurship, Entertainment",https://testinglive-backend.s3.af-south-1.amazonaws.com/backend/gopaddi/gosocial/posts/assets/bIPSfep1FrMVjIOzK2IQSFz7IxU6zX0AIgqdCWSa.png,,2024-09-27 11:31:36+00:00,2024-11-28 11:01:44+00:00
606,794,üòÜüòÜüòÜüòÜüòÜüòÜüòÜüòÜüòÜüòÜ,E-commerce,Business and Entrepreneurship,https://testinglive-backend.s3.af-south-1.amazonaws.com/backend/gopaddi/gosocial/posts/assets/QKl7xZOdPh6YI1zA3wIJIk8DM8eZHwYDKXtgjM9F.jpg,,2024-09-26 14:27:52+00:00,2024-11-28 09:57:30+00:00
607,793,ü•≤üòÜüòÜüòÜüòÜüòÜüòÜüòÜ,"Car Enthusiasts, E-commerce","Automotive and Vehicles, Business and Entrepreneurship",https://testinglive-backend.s3.af-south-1.amazonaws.com/backend/gopaddi/gosocial/posts/assets/bDRoWygdzwQTCIdRvnSiNSpFvXmLVOQdGi2XUAP7.jpg,,2024-09-26 13:46:22+00:00,2024-11-28 11:00:49+00:00
608,792,"Forget about map reading skills, just follow the crowd to find the best rooftop bar in townüçπ#LostInLibations.",Fashion Trends,Fashion and Beauty,https://testinglive-backend.s3.af-south-1.amazonaws.com/backend/gopaddi/gosocial/posts/assets/EOCgMvANwxwG9tSWIV0A9FURfzVOzrmh8dP8v6GJ.png,,2024-09-26 11:31:44+00:00,2024-11-28 09:57:10+00:00
609,791,üëçüëçüëçüëçüëçüëçüëçüëçüëçüëçüëçüëçüëç,"Automotive News and Reviews, Business Networking, Jewelry Making","Automotive and Vehicles, Business and Entrepreneurship, Creative Arts and Crafts",https://testinglive-backend.s3.af-south-1.amazonaws.com/backend/gopaddi/gosocial/posts/assets/Z2iY9Q5eyA9KMMwhUQm9RME4jifJv1OrLlIPJhbv.jpg,,2024-09-26 07:02:20+00:00,2024-11-28 09:56:58+00:00
610,790,Just discovered a magical underground speakeasy in Budapest where amazing cocktails and secrets are served...maybe even a unicorn or two ü¶Ñüç∏ #justkeeptravelling,"Comedy, Anime and Manga, Haircare, Screenwriting","Entertainment, Entertainment, Fashion and Beauty, Film and Media Production",https://testinglive-backend.s3.af-south-1.amazonaws.com/backend/gopaddi/gosocial/posts/assets/yYSJUqQkh6kKFXesrd9UuOkTq94IZp630XKsKzOF.png,,2024-09-25 11:31:36+00:00,2024-11-28 09:56:47+00:00
611,789,"""Sneakily trying to convince TSA that my overflowing suitcase is actually just a fun festive pi√±ata for my destination.""","Fan Clubs (e.g. specific bands actors), New Parents","Entertainment, Family and Parenting",https://testinglive-backend.s3.af-south-1.amazonaws.com/backend/gopaddi/gosocial/posts/assets/eI187BLzwT2QaoM5VDgf165jOspU4rTUaLXfjpau.png,,2024-09-24 11:31:50+00:00,2024-11-28 09:56:43+00:00
612,788,"Lost in Venice? don't worry, just follow the trail of selfie sticks and polyester gondola hats to find your way!","Comedy, New Parents, Single Parenting","Entertainment, Family and Parenting, Family and Parenting",https://testinglive-backend.s3.af-south-1.amazonaws.com/backend/gopaddi/gosocial/posts/assets/wQ8s58pxjqDqH3OHxf36g6FLKnhTu6JnPMPClWzS.png,,2024-09-23 11:31:34+00:00,2024-11-28 09:56:40+00:00
613,787,Just trying to blend in with the locals by ordering an overly complicated coffee in Italy. ‚òïüáÆüáπ,"Comedy, Nail Art","Entertainment, Fashion and Beauty",https://testinglive-backend.s3.af-south-1.amazonaws.com/backend/gopaddi/gosocial/posts/assets/Dl8DNzI6fF9YRLx9AMrHhhtBWMoT06xUJX3cAQa7.png,,2024-09-22 11:31:25+00:00,2024-11-28 09:56:30+00:00
614,786,Discovering new destinations one dad joke at a time ‚Äì because who doesn't love a good pun-trip?,"Theater and Performing Arts, Comedy, Fan Clubs (e.g. specific bands actors)","Entertainment, Entertainment, Entertainment",https://testinglive-backend.s3.af-south-1.amazonaws.com/backend/gopaddi/gosocial/posts/assets/EmrsbZCWD7uYuvInrh4m2Fgzv4dJAKPMpL7p7ui6.png,,2024-09-21 11:31:14+00:00,2024-11-28 09:56:19+00:00
615,785,It's the weekend,Work-Life Balance for Parents,Family and Parenting,https://testinglive-backend.s3.af-south-1.amazonaws.com/backend/gopaddi/gosocial/posts/assets/wbxsqMqGtYuBZsZUk9ta8qewd4oBCAyRS61TKUWK.jpg,,2024-09-20 16:34:35+00:00,2024-11-28 09:56:16+00:00
616,784,TGIF üéâ ü•≥,"E-commerce, Baking","Business and Entrepreneurship, Food and Drink",https://testinglive-backend.s3.af-south-1.amazonaws.com/backend/gopaddi/gosocial/posts/assets/es7yK6tu8cNxWTNZ8XrXb9a5v2vH2a7IoHpTbw33.jpg,,2024-09-20 16:27:05+00:00,2024-11-28 09:56:03+00:00
617,783,"Guys, get ready to pinch yourself because Karaokeboat‚Äìyes, a boat dedicated completely to karaoke ‚Äì is REAL and cruising around Tokyo Bay! üõ≥üé§ #sailandcroon","Business Strategy and Management, Comedy, New Parents, Single Parenting","Business and Entrepreneurship, Entertainment, Family and Parenting, Family and Parenting",https://testinglive-backend.s3.af-south-1.amazonaws.com/backend/gopaddi/gosocial/posts/assets/ZGPbNFdGAG9lpgib9ov9bIzvSWykziamcqUvtWvF.png,,2024-09-20 11:31:45+00:00,2024-11-28 09:55:50+00:00
618,782,just left egypt,Publishing and Self-Publishing,Creative Writing and Literature,https://testinglive-backend.s3.af-south-1.amazonaws.com/backend/gopaddi/gosocial/posts/assets/aLRKvrMKaRvO2FpeDjNdoKwUQlfzWQav1ra7gH9O.png,,2024-09-19 12:06:19+00:00,2024-11-28 11:00:43+00:00
619,781,"""Don't worry, fine motor skills aren't necessary at the annual La Tomatina in Spain - just pack your quick reflexes (and possibly goggles)!""","Theater and Performing Arts, New Parents, Single Parenting, Podcast Production","Entertainment, Family and Parenting, Family and Parenting, Film and Media Production",https://testinglive-backend.s3.af-south-1.amazonaws.com/backend/gopaddi/gosocial/posts/assets/sulzRbrPk4Oc7OurKI4u8KkhOFeC4lcMqAVxhOmi.png,,2024-09-19 11:31:42+00:00,2024-11-28 11:01:31+00:00
620,780,This is a sample caption,"Candle Making, Fiction Writing, Wildcrafting and Foraging, Stargazing","Creative Arts and Crafts, Creative Writing and Literature, Outdoor and Nature Activities, Outdoor and Nature Activities",https://testinglive-backend.s3.af-south-1.amazonaws.com/backend/gopaddi/gosocial/posts/assets/01vh7v6MmgKl4wfasCUkTRDU05HAfsD3XviQvjfu.jpg,,2024-09-19 10:18:54+00:00,2024-11-28 11:00:21+00:00
621,778,VG to the worldüéäüéäüéä,Business Networking,Business and Entrepreneurship,https://testinglive-backend.s3.af-south-1.amazonaws.com/backend/gopaddi/gosocial/posts/assets/HHPNdejpQNQ7OZlwRo4kOlJZVGLrevJD76D22Oj3.jpg,,2024-09-18 12:44:48+00:00,2024-11-28 11:00:16+00:00
622,777,new orleans,"Visual Arts, Sustainable Fashion, Fashion Design","Arts and Culture, Fashion and Beauty, Fashion and Beauty",https://testinglive-backend.s3.af-south-1.amazonaws.com/backend/gopaddi/gosocial/posts/assets/yznVcgSP0un1MOqNvIaJjrhAAeYJCL1jDBnWisnY.png,,2024-09-18 11:53:39+00:00,2024-11-30 12:08:46+00:00
623,776,HEAVEN  ON EARTH,"Theater and Performing Arts, Comedy, New Parents, Single Parenting","Entertainment, Entertainment, Family and Parenting, Family and Parenting",https://testinglive-backend.s3.af-south-1.amazonaws.com/backend/gopaddi/gosocial/posts/assets/lUJsrlarA35YiP7Bp5MAniJ2tr1z6Utm5zsoDPyq.jpg,,2024-09-18 11:43:15+00:00,2024-11-28 09:55:09+00:00
624,775,Who needs a gym membership when you can just lug around your suitcase through cobblestone streets? üí™üèº #travelworkout,"Off-Roading, Theater and Performing Arts, New Parents","Automotive and Vehicles, Entertainment, Family and Parenting",https://testinglive-backend.s3.af-south-1.amazonaws.com/backend/gopaddi/gosocial/posts/assets/PfW0u6U9Va4RDhWj0orqtvcT2qxpitiBMn5NKX53.png,,2024-09-18 11:31:37+00:00,2024-11-28 09:55:06+00:00
625,774,"Crazy to think flamingos can't actually fly, guess they prefer chilling in the Bahamas over dealing with airport security! ‚úàÔ∏èü¶©","New Parents, Coffee Lovers","Family and Parenting, Food and Drink",https://testinglive-backend.s3.af-south-1.amazonaws.com/backend/gopaddi/gosocial/posts/assets/zfxVqCZD05VzJv8SgcwQQGHKYp7ZUFsdx3iW2MOe.png,,2024-09-17 11:31:32+00:00,2024-11-28 09:54:56+00:00
626,773,Paddi AI Pictureü§©,Business Networking,Business and Entrepreneurship,https://testinglive-backend.s3.af-south-1.amazonaws.com/backend/gopaddi/gosocial/posts/assets/GwhmxVDYcS9oC9qmNSTBbMwzOzMjHYyYienYcVZ1.jpg,,2024-09-17 10:08:28+00:00,2024-11-28 09:54:53+00:00
627,772,"""Did you know that in Italy, throwing a coin into the Trevi Fountain guarantees your return to Rome? Better start collecting those coins now!""","Comedy, Fan Clubs (e.g. specific bands actors), Single Parenting","Entertainment, Entertainment, Family and Parenting",https://testinglive-backend.s3.af-south-1.amazonaws.com/backend/gopaddi/gosocial/posts/assets/mQxOgIHBDTu1W66bjN6CmDo5YcuxrCFFzUw71Wke.png,,2024-09-16 11:31:36+00:00,2024-11-28 09:54:49+00:00
628,771,Why travel all the way to Mars when you can experience out-of-this-world landscapes in Iceland? #FauxGravity üòâ,"Theater and Performing Arts, New Parents, Single Parenting","Entertainment, Family and Parenting, Family and Parenting",https://testinglive-backend.s3.af-south-1.amazonaws.com/backend/gopaddi/gosocial/posts/assets/8j5cHyKj8csdL0BMxytCgNnE3Cgxxm91cqUVPsUz.png,,2024-09-15 11:31:24+00:00,2024-11-28 09:54:45+00:00
629,770,"Helpful tip for surviving a red-eye flight: bring sunglasses to hide the bags under your eyes ‚Äì you'll thank me later! 
#travelhacks","Fan Clubs (e.g. specific bands actors), New Parents","Entertainment, Family and Parenting",https://testinglive-backend.s3.af-south-1.amazonaws.com/backend/gopaddi/gosocial/posts/assets/NqzR7OfiWsQoxeUDbWuQfPH54fnTrdgc0no4FHbF.png,,2024-09-14 11:31:22+00:00,2024-11-28 10:59:58+00:00
630,769,"Who needs a personal wake-up call when you can visit the Runjunjulasintho Festival in Kyrgyzstan, where people are woken by yolk-filled balloons exploding on their faces?!","Theater and Performing Arts, Comedy, New Parents, Podcast Production","Entertainment, Entertainment, Family and Parenting, Film and Media Production",https://testinglive-backend.s3.af-south-1.amazonaws.com/backend/gopaddi/gosocial/posts/assets/OgKZCtStGeRyLeupqNQByNllYTpqUVCGxhiEL8Uh.png,,2024-09-13 11:31:37+00:00,2024-11-28 10:59:41+00:00
631,768,üòÄ,"Investment and Venture Capital, Jewelry Making","Business and Entrepreneurship, Creative Arts and Crafts",https://testinglive-backend.s3.af-south-1.amazonaws.com/backend/gopaddi/gosocial/posts/assets/huQGaCcOmmPHFuzaXHJf1ShWEeAN0PAgCDmqQlPe.jpg,,2024-09-12 13:21:32+00:00,2024-11-28 10:59:37+00:00
633,766,"Just witnessed the rare ""tourist vs map"" showdown - spoiler alert: map won. üó∫Ô∏è #travelwoes","Fan Clubs (e.g. specific bands actors), New Parents","Entertainment, Family and Parenting",https://testinglive-backend.s3.af-south-1.amazonaws.com/backend/gopaddi/gosocial/posts/assets/VaopR5NSaE8NkkzhNxM3iA9WvAthGeyodou4Uub4.png,,2024-09-12 11:31:28+00:00,2024-11-28 09:54:16+00:00
635,764,Monaco ni cocoüòç,Work-Life Balance for Parents,Family and Parenting,https://testinglive-backend.s3.af-south-1.amazonaws.com/backend/gopaddi/gosocial/posts/assets/QbIhj9bwVCUtMJUj208f8gmWRl9KB2NYeZmannZm.jpg,,2024-09-12 10:56:59+00:00,2024-11-28 09:54:13+00:00
636,763,Who needs the gym when you can explore the streets of Rome with a handful of gelato? üç¶,"Theater and Performing Arts, Comedy, New Parents","Entertainment, Entertainment, Family and Parenting",https://testinglive-backend.s3.af-south-1.amazonaws.com/backend/gopaddi/gosocial/posts/assets/0zyw9bMKsbr1fbFbPt9093zF5VzQorcqQKta5EeI.png,,2024-09-12 10:33:18+00:00,2024-11-28 09:54:10+00:00
637,762,Everythign looks better in black and white,"Theater and Performing Arts, Business Strategy and Management","Arts and Culture, Business and Entrepreneurship",https://testinglive-backend.s3.af-south-1.amazonaws.com/backend/gopaddi/gosocial/posts/assets/6cL9GGJNozmUt0Zz7gh2LFxjjkiB3Zi8Rwil3XRL.jpg,,2024-09-12 10:33:04+00:00,2024-11-28 09:54:00+00:00
639,760,"Forget pineapple on pizza, how about kangaroo pizza? Head to Australia for a twist on a classic!","Fashion Design, Screenwriting","Fashion and Beauty, Film and Media Production",https://testinglive-backend.s3.af-south-1.amazonaws.com/backend/gopaddi/gosocial/posts/assets/13iBRCkXQOKebVONQp72S1PdUvBEgdrEiS7iX43A.png,,2024-09-12 10:10:21+00:00,2024-11-28 09:53:57+00:00
640,759,this is a new one the CEO,Business Networking,Business and Entrepreneurship,https://testinglive-backend.s3.af-south-1.amazonaws.com/backend/gopaddi/gosocial/posts/assets/2nB6IRfu9AH3jbf5l3g4WvogZQDceFF3KRcVEnZJ.jpg,,2024-09-12 08:53:31+00:00,2024-11-28 09:53:45+00:00
641,758,the post has a music,Business Strategy and Management,Business and Entrepreneurship,https://testinglive-backend.s3.af-south-1.amazonaws.com/backend/gopaddi/gosocial/posts/assets/cGjMG1ws1QhX3SGDsijcIAeX5sPc16fhnhRdkn6G.jpg,,2024-09-12 08:44:41+00:00,2024-11-28 09:53:42+00:00
643,753,coco in monaco,"Visual Arts, Personal Styling, Fashion Design","Arts and Culture, Fashion and Beauty, Fashion and Beauty",https://testinglive-backend.s3.af-south-1.amazonaws.com/backend/gopaddi/gosocial/posts/assets/VAhMDgrS3jxQaVWvebK1P6VCAjAHSyuz42S1vcxt.png,,2024-09-12 07:32:23+00:00,2024-11-30 12:08:32+00:00
644,752,Chilling in Miami,"Anime and Manga, New Parents, Single Parenting","Entertainment, Family and Parenting, Family and Parenting",https://testinglive-backend.s3.af-south-1.amazonaws.com/backend/gopaddi/gosocial/posts/assets/aOzYJaEWb2FBZFTT6qpxrlXgXADpz2qWrR6kQyIi.png,,2024-09-12 07:16:18+00:00,2024-11-30 12:08:29+00:00
645,751,steeze,Home Renovation,DIY and Home Improvement,https://testinglive-backend.s3.af-south-1.amazonaws.com/backend/gopaddi/gosocial/posts/assets/TfnuM1hUNY8ZEsL96ojeUcoyzxEk60RH4E65lBFh.png,,2024-09-12 07:10:46+00:00,2024-11-30 12:08:21+00:00
646,750,Join me at Monaco Beachüòóüï∫‚úàÔ∏è,"Anime and Manga, New Parents, Single Parenting","Entertainment, Family and Parenting, Family and Parenting",https://testinglive-backend.s3.af-south-1.amazonaws.com/backend/gopaddi/gosocial/posts/assets/h7OmVeGyKiGcjumQ8Cc8ntIOhoRhzcfScZ1ClZRb.jpg,,2024-09-12 06:12:09+00:00,2024-11-28 08:21:07+00:00
648,748,be nice,Candle Making,Creative Arts and Crafts,https://testinglive-backend.s3.af-south-1.amazonaws.com/backend/gopaddi/gosocial/posts/assets/Y3frAiI6DmcizCy2Ww2u6Qrz58efrTvgSsO3MvZr.jpg,,2024-09-11 22:53:25+00:00,2024-11-28 08:20:50+00:00
649,747,This is a sample caption,"Candle Making, Fiction Writing, Wildcrafting and Foraging, Stargazing","Creative Arts and Crafts, Creative Writing and Literature, Outdoor and Nature Activities, Outdoor and Nature Activities",https://testinglive-backend.s3.af-south-1.amazonaws.com/backend/gopaddi/gosocial/posts/assets/2QAsvV85gVhkmAIfxCIa5GbyJKXhZNs5ic0ANJnc.jpg,,2024-09-11 11:38:22+00:00,2024-11-28 08:20:40+00:00
650,746,This is a sample caption,"Candle Making, Fiction Writing, Wildcrafting and Foraging, Stargazing","Creative Arts and Crafts, Creative Writing and Literature, Outdoor and Nature Activities, Outdoor and Nature Activities",https://testinglive-backend.s3.af-south-1.amazonaws.com/backend/gopaddi/gosocial/posts/assets/8CTRXFRCmpnjDL25qYuq0K8oH2KyCa4nZFYm5NHO.jpg,,2024-09-11 11:37:40+00:00,2024-11-28 08:17:17+00:00
651,745,good,"Cultural Festivals, Candle Making","Arts and Culture, Creative Arts and Crafts",https://testinglive-backend.s3.af-south-1.amazonaws.com/backend/gopaddi/gosocial/posts/assets/NrTCAYj62eGBCttSKJgIoJyrhOLmDwyOybHTi9Sd.jpg,,2024-09-11 10:53:59+00:00,2024-11-28 08:17:04+00:00
652,744,hello,Candle Making,Creative Arts and Crafts,https://testinglive-backend.s3.af-south-1.amazonaws.com/backend/gopaddi/gosocial/posts/assets/C5o13dD8eHmFNa0fyVS7Y0Z6niIpXJUcI5Nvxu38.jpg,,2024-09-11 10:40:34+00:00,2024-11-28 08:16:58+00:00
653,743,This is a welcome caption,"Scrapbooking, Candle Making, Fiction Writing, Collecting (e.g. stamps coins)","Creative Arts and Crafts, Creative Arts and Crafts, Creative Writing and Literature, Hobbies and Leisure",https://testinglive-backend.s3.af-south-1.amazonaws.com/backend/gopaddi/gosocial/posts/assets/Sxpf4ljteIbjtkfEvn6yYPWTD8NAcbkg7rNobuRC.jpg,,2024-09-10 10:50:54+00:00,2024-11-28 08:16:47+00:00
656,739,"""Don't worry, Rome wasn't built in a day, but you can definitely gain 10 pounds in one sitting with all the pasta and gelato!""","Comedy, New Parents, Nail Art, Independent Filmmaking","Entertainment, Family and Parenting, Fashion and Beauty, Film and Media Production",https://testinglive-backend.s3.af-south-1.amazonaws.com/backend/gopaddi/gosocial/posts/assets/m0aIxObUE92g8DySdblTcawVWSgChCbDfzQhJOOM.png,,2024-09-09 05:58:14+00:00,2024-11-20 12:22:20+00:00
657,738,Don't forget your dancing shoes when visiting Argentina - the tango is a must-try experience!,"Small Business Owners, Comedy","Business and Entrepreneurship, Entertainment",https://testinglive-backend.s3.af-south-1.amazonaws.com/backend/gopaddi/gosocial/posts/assets/zewTpIMvgXVNuL00dZdCpWXwXE5nVpHQuC4mpDFm.png,,2024-09-08 11:31:23+00:00,2024-11-20 12:22:15+00:00
658,737,Warning: Sightseeing in New York may lead to severe neck strain from staring upwards at all the skyscrapers!,"Comedy, New Parents, Single Parenting","Entertainment, Family and Parenting, Family and Parenting",https://testinglive-backend.s3.af-south-1.amazonaws.com/backend/gopaddi/gosocial/posts/assets/19UeluH8Tp6sXPrtcMZmv48LDmrDJOjIAzLxLory.png,,2024-09-07 11:31:25+00:00,2024-11-20 12:22:06+00:00
659,736,Just landed in Paris! Time to hunt down some croissants and avoid the crowds at the Eiffel Tower like it's my full-time job.,"Comedy, Single Parenting","Entertainment, Family and Parenting",https://testinglive-backend.s3.af-south-1.amazonaws.com/backend/gopaddi/gosocial/posts/assets/ezLUW5OnrCGjzRIC2F4eR65q7MPNJry1OUWeaMkT.png,,2024-09-06 11:24:50+00:00,2024-11-20 12:22:02+00:00
660,735,This is a sample caption,"Candle Making, Fiction Writing, New Parents, Animation and VFX","Creative Arts and Crafts, Creative Writing and Literature, Family and Parenting, Film and Media Production",https://testinglive-backend.s3.af-south-1.amazonaws.com/backend/gopaddi/gosocial/posts/assets/Jl4wiubPJpFOO939c3BA1YIwV6SP4ERYSi7ooUJF.jpg,,2024-09-06 10:55:42+00:00,2024-11-20 12:21:59+00:00
661,732,"Thank God it's Friday! Let's wrap up the week strong and keep it clean. Wishing you all a blessed Jummah and a great, happy weekend, from your ever-amiable architect.",Work-Life Balance for Parents,Family and Parenting,https://testinglive-backend.s3.af-south-1.amazonaws.com/backend/gopaddi/gosocial/posts/assets/w0dRuwJCHIQloaHHRjnFpjOkkjyEocPEN6DGFXHI.jpg,,2024-09-06 10:27:20+00:00,2024-11-20 12:21:55+00:00
892,226,This is a sample caption,"Candle Making, Fiction Writing, DIY Home Decor","Creative Arts and Crafts, Creative Writing and Literature, DIY and Home Improvement",https://testinglive-backend.s3.af-south-1.amazonaws.com/backend/gopaddi/gosocial/posts/assets/u3fHWm8czzycHdnMKb6oTCwCGU0AGx7NL2fDQAh4.jpg,,2024-09-06 05:59:18+00:00,2024-11-20 12:21:53+00:00
893,225,news,Poetry,Creative Writing and Literature,https://testinglive-backend.s3.af-south-1.amazonaws.com/backend/gopaddi/gosocial/posts/assets/fqnH25Y4WnI8ifqMD8FqWVRvnaQrYQ8f8PThS18H.png,,2024-09-05 18:47:39+00:00,2024-11-20 12:21:50+00:00
894,224,This is a sample caption,"Candle Making, Fiction Writing","Creative Arts and Crafts, Creative Writing and Literature",https://testinglive-backend.s3.af-south-1.amazonaws.com/backend/gopaddi/gosocial/posts/assets/KqiSLVhghUT7cEqUa2P0bQgrxIUqCthSl2EObR4J.jpg,,2024-09-05 17:35:56+00:00,2024-11-20 12:21:47+00:00
895,223,Somewhere in Nigeria,"Theater and Performing Arts, Comedy, New Parents, Single Parenting","Entertainment, Entertainment, Family and Parenting, Family and Parenting",https://testinglive-backend.s3.af-south-1.amazonaws.com/backend/gopaddi/gosocial/posts/assets/J65k2nHEYHJ7CYiI2tZfpO9FL0wFWbxeGo7ZH38G.png,,2024-09-05 14:41:57+00:00,2024-11-20 12:21:38+00:00
896,222,Adventure of a goner in Seychelles look away,"Theater and Performing Arts, Comedy, New Parents","Entertainment, Entertainment, Family and Parenting",https://testinglive-backend.s3.af-south-1.amazonaws.com/backend/gopaddi/gosocial/posts/assets/MXrv4deB1BU8O8jmjxXBDfL62EkSlJQ3Dn0h6sIF.jpg,,2024-09-05 14:16:16+00:00,2024-11-20 12:21:35+00:00
897,221,"New Toronto, Abule egba Branch","Off-Roading, New Parents","Automotive and Vehicles, Family and Parenting",https://testinglive-backend.s3.af-south-1.amazonaws.com/backend/gopaddi/gosocial/posts/assets/VdgHdafqFs2QT55eC1J4NjNbZLmmwQHjHQKC6M6N.jpg,,2024-09-05 13:48:42+00:00,2024-11-20 12:21:29+00:00
899,216,Joy is comming.,"Business Strategy and Management, Business Networking, Jewelry Making","Business and Entrepreneurship, Business and Entrepreneurship, Creative Arts and Crafts",https://testinglive-backend.s3.af-south-1.amazonaws.com/backend/gopaddi/gosocial/posts/assets/l3r9xPHYakhbsuFSpB7VPuayzVmLluG06vmOLnKk.jpg,,2024-09-03 01:07:47+00:00,2024-11-20 12:21:27+00:00
901,213,share flick,"Theater and Performing Arts, Investment and Venture Capital, Literary Analysis, Baking","Arts and Culture, Business and Entrepreneurship, Creative Writing and Literature, Food and Drink",https://testinglive-backend.s3.af-south-1.amazonaws.com/backend/gopaddi/gosocial/posts/assets/NnKkyEfprmeqdYIzCBbpxggizvxTBgeGSH5BiwqD.mp4,,2024-09-02 12:26:33+00:00,2024-11-20 12:21:18+00:00
902,211,Exploring web3,"Scrapbooking, Poetry","Creative Arts and Crafts, Creative Writing and Literature",https://testinglive-backend.s3.af-south-1.amazonaws.com/backend/gopaddi/gosocial/posts/assets/QUUeSt9cRHdFuEw0cWq8rYK8YANsJ7BW9tuDyQ8i.jpg,,2024-08-30 07:54:33+00:00,2024-11-20 12:21:07+00:00
903,207,Monco ni coco,"Off-Roading, New Parents","Automotive and Vehicles, Family and Parenting",https://testinglive-backend.s3.af-south-1.amazonaws.com/backend/gopaddi/gosocial/posts/assets/1HoCOd86GbNx5MMA8kAyLVFbHG3J7OMcDqUmtgcU.jpg,,2024-08-29 12:08:35+00:00,2024-11-20 12:20:57+00:00
905,202,Monaco is the cocoü§©,"Theater and Performing Arts, Comedy, New Parents","Entertainment, Entertainment, Family and Parenting",https://testinglive-backend.s3.af-south-1.amazonaws.com/backend/gopaddi/gosocial/posts/assets/Cjy26BZQ4S3Ul34l86VdKYBkxIwCSxhj6ZQgIBQg.webp,,2024-08-29 08:19:32+00:00,2024-11-20 12:20:50+00:00
908,198,Pride of india,"Comedy, New Parents, Single Parenting","Entertainment, Family and Parenting, Family and Parenting",https://testinglive-backend.s3.af-south-1.amazonaws.com/backend/gopaddi/gosocial/posts/assets/6oWOP36tupAMpwgDL6xiFf75Hv7zSWNY30vFVDzh.jpg,,2024-08-28 12:15:59+00:00,2024-11-20 12:20:48+00:00
909,197,This is a sample caption,"Candle Making, Fiction Writing","Creative Arts and Crafts, Creative Writing and Literature",https://testinglive-backend.s3.af-south-1.amazonaws.com/backend/gopaddi/gosocial/posts/assets/L4dnF4S7nYudABNFlAlKu22FaXRNo5XmAmhL3TgY.jpg,,2024-08-28 08:25:32+00:00,2024-11-20 12:20:39+00:00
910,195,This is a sample caption,"Candle Making, Fiction Writing","Creative Arts and Crafts, Creative Writing and Literature",https://testinglive-backend.s3.af-south-1.amazonaws.com/backend/gopaddi/gosocial/posts/assets/8OtUiolioSWFfVM1VVBeVsoaWP9rc9BBeChxNG9G.jpg,,2024-08-28 08:16:15+00:00,2024-11-20 12:20:31+00:00
911,192,This is a sample caption,"Candle Making, Fiction Writing","Creative Arts and Crafts, Creative Writing and Literature",https://testinglive-backend.s3.af-south-1.amazonaws.com/backend/gopaddi/gosocial/posts/assets/dkGXItfE7gP82cnnCJBL290aezkmTcEhxB42b1jV.jpg,,2024-08-27 08:42:52+00:00,2024-11-20 12:20:22+00:00
923,175,This is a sample caption,"Candle Making, Fiction Writing","Creative Arts and Crafts, Creative Writing and Literature",https://testinglive-backend.s3.af-south-1.amazonaws.com/backend/gopaddi/gosocial/posts/assets/kjN0gXmtyd3lUeBoB8yoivOZdiJOVXnoJkMzNFCR.jpg,,2024-08-23 16:16:52+00:00,2024-11-20 12:20:18+00:00
931,164,This is a sample caption,"Candle Making, Fiction Writing","Creative Arts and Crafts, Creative Writing and Literature",https://testinglive-backend.s3.af-south-1.amazonaws.com/backend/gopaddi/gosocial/posts/assets/puLoksHAAsXDDQWlrBNcAZRnxvxp0dxqppJNk3rI.jpg,,2024-08-23 14:28:00+00:00,2024-11-20 12:20:13+00:00
941,150,Sneakers from Thailand,Work-Life Balance for Parents,Family and Parenting,https://testinglive-backend.s3.af-south-1.amazonaws.com/backend/gopaddi/gosocial/posts/assets/Liq724L3cUcE89jZZK2uTscWuoZ1PwGw6zYluVKR.jpg,,2024-08-21 13:39:24+00:00,2024-11-20 12:20:05+00:00
942,149,Interesting,Investment and Venture Capital,Business and Entrepreneurship,https://testinglive-backend.s3.af-south-1.amazonaws.com/backend/gopaddi/gosocial/posts/assets/PpsTAKUjEL9C8dr12ZE5JpEGRV3RFAOlimoTUJrF.jpg,,2024-08-21 12:49:44+00:00,2024-11-20 12:20:00+00:00
943,148,üï∫,"Small Business Owners, Investment and Venture Capital","Business and Entrepreneurship, Business and Entrepreneurship",https://testinglive-backend.s3.af-south-1.amazonaws.com/backend/gopaddi/gosocial/posts/assets/YkQizNzWtSoyPY0PH1n5s70avcyRz2IkH7xm91dJ.jpg,,2024-08-21 12:46:46+00:00,2024-11-20 12:19:56+00:00
944,147,Testing,Investment and Venture Capital,Business and Entrepreneurship,https://testinglive-backend.s3.af-south-1.amazonaws.com/backend/gopaddi/gosocial/posts/assets/IjR4ozZuaIjvuUKnMCod0aoSHEwgPX17mQcthV0w.jpg,,2024-08-21 12:39:17+00:00,2024-11-20 12:19:54+00:00
945,146,Coming soon...,Investment and Venture Capital,Business and Entrepreneurship,https://testinglive-backend.s3.af-south-1.amazonaws.com/backend/gopaddi/gosocial/posts/assets/YhXyDspG6AzGgzXy2G0zagR5HwGHpg0SKghbzaft.jpg,,2024-08-21 12:32:30+00:00,2024-11-28 08:08:48+00:00
946,144,Fresh from Birdview Travels ‚úàÔ∏è,"Business Networking, New Parents","Business and Entrepreneurship, Family and Parenting",https://testinglive-backend.s3.af-south-1.amazonaws.com/backend/gopaddi/gosocial/posts/assets/FHX1hi7b7dch9byuB3Z1OokPFu43vOLXmDDMaQbZ.jpg,,2024-08-21 10:53:48+00:00,2024-11-12 07:20:51+00:00
947,142,Heyyy Marshallow,"Investment and Venture Capital, Jewelry Making","Business and Entrepreneurship, Creative Arts and Crafts",https://testinglive-backend.s3.af-south-1.amazonaws.com/backend/goagentgomarket/hubs/posts/7HxYXpinpb4zZ1VdeEHqBFSDg5wr8OluGwV3aBdT.jpg,,2024-08-21 09:23:47+00:00,2024-11-12 07:20:48+00:00
948,141,"Heyyyyyyyyy there, I'm Sam Mashmellow","Investment and Venture Capital, Jewelry Making","Business and Entrepreneurship, Creative Arts and Crafts",https://testinglive-backend.s3.af-south-1.amazonaws.com/backend/goagentgomarket/hubs/posts/lEoKaG0FB29ctXEz4nE1dW8b2vlr9gTmCP7Zek42.jpg,,2024-08-21 09:08:21+00:00,2024-11-12 07:20:45+00:00
949,134,Hello Gopaddi from toroto‚úàÔ∏è,Leadership and Mentoring,Business and Entrepreneurship,https://testinglive-backend.s3.af-south-1.amazonaws.com/backend/gopaddi/gosocial/posts/assets/zATZRwrYCkQfcobmhEmFrGtQhXwbZ2qYHIC8cctK.webp,,2024-08-20 13:57:17+00:00,2024-11-12 07:20:42+00:00
950,133,"Gopaddi is coming soonüï∫üï∫, from Toronto‚úàÔ∏è‚úàÔ∏è","Business Strategy and Management, Jewelry Making","Business and Entrepreneurship, Creative Arts and Crafts",https://testinglive-backend.s3.af-south-1.amazonaws.com/backend/gopaddi/gosocial/posts/assets/x0wCgQwTa9BMaR1jP3EOcAzTjywX72IzDoWewj6M.jpg,,2024-08-20 13:34:26+00:00,2024-11-12 07:20:40+00:00
951,129,This is a sample caption,Plumbing and Electrical Projects,DIY and Home Improvement,https://testinglive-backend.s3.af-south-1.amazonaws.com/backend/gopaddi/gosocial/posts/assets/HuMpHcvsgUeZh1vnf8d5a15SD010GejQbjpUCl2v.jpg,,2024-08-19 15:20:09+00:00,2024-11-25 15:56:11+00:00
952,128,This is a sample caption,Plumbing and Electrical Projects,DIY and Home Improvement,https://testinglive-backend.s3.af-south-1.amazonaws.com/backend/gopaddi/gosocial/posts/assets/2yKvsYAEbwV7fQNUnjzJWoqNaYyhS1PcLk2iwVCU.jpg,,2024-08-19 15:19:44+00:00,2024-11-21 09:50:49+00:00
953,127,Feel the beatüé§üîäüï∫,"Business Strategy and Management, Textile Arts","Business and Entrepreneurship, Creative Arts and Crafts",https://testinglive-backend.s3.af-south-1.amazonaws.com/backend/gopaddi/gosocial/posts/assets/3NFcBVg9zBJL9WQhGeMS1DMQsVhgJThl901zOQJ5.webp,,2024-08-17 19:17:21+00:00,2024-11-12 07:20:29+00:00
954,126,Bon Jourüòú,Home Renovation,DIY and Home Improvement,https://testinglive-backend.s3.af-south-1.amazonaws.com/backend/gopaddi/gosocial/posts/assets/4Wvcf8ymOZbyF2KH1Cy8bxYZJHBS9te8bq8FBDJV.jpg,,2024-08-17 19:12:32+00:00,2024-11-12 07:20:26+00:00
955,125,Gopaddi is coming soonüîú...,"Fiction Writing, Poetry","Creative Writing and Literature, Creative Writing and Literature",https://testinglive-backend.s3.af-south-1.amazonaws.com/backend/gopaddi/gosocial/posts/assets/7ZjQIP96p0W1Jwgd7VAdrWuGue0ECvSwD3WqxQ6f.png,,2024-08-17 19:07:46+00:00,2024-11-11 14:43:49+00:00
956,124,"Hello, my name is Tofunmi","Investment and Venture Capital, Jewelry Making, Candle Making, Fiction Writing","Business and Entrepreneurship, Creative Arts and Crafts, Creative Arts and Crafts, Creative Writing and Literature",https://testinglive-backend.s3.af-south-1.amazonaws.com/backend/goagentgomarket/hubs/posts/pwLESn9SZE7iPwe4Zt0auxdsFsinGfOicwl0nV2W.jpg,,2024-08-17 06:04:32+00:00,2024-11-11 14:43:46+00:00
957,122,This is a sample caption,"Candle Making, Fiction Writing","Creative Arts and Crafts, Creative Writing and Literature",https://testinglive-backend.s3.af-south-1.amazonaws.com/backend/gopaddi/gosocial/posts/assets/zSaAE3HGE46PsVy2VoDjfpfwdlWQv0u0B513HFeU.jpg,,2024-08-16 11:15:28+00:00,2024-11-11 14:43:40+00:00
958,121,This is a sample caption,"Candle Making, Fiction Writing","Creative Arts and Crafts, Creative Writing and Literature",https://testinglive-backend.s3.af-south-1.amazonaws.com/backend/gopaddi/gosocial/posts/assets/u7f7hbjpYOUBjm54ETVdNuKdrWmyVYkSfr1pk7cu.jpg,,2024-08-16 11:14:35+00:00,2024-11-11 14:43:36+00:00
959,120,This is a sample caption,"Candle Making, Fiction Writing","Creative Arts and Crafts, Creative Writing and Literature",https://testinglive-backend.s3.af-south-1.amazonaws.com/backend/gopaddi/gosocial/posts/assets/aZKTHVRkbJek5p9LUVRGLKt4D5P7eEoiwEpuND1N.jpg,,2024-08-16 11:13:38+00:00,2024-11-11 14:43:31+00:00
960,119,Gopaddi is coming soon...ü•∞,"Investment and Venture Capital, Jewelry Making","Business and Entrepreneurship, Creative Arts and Crafts",https://testinglive-backend.s3.af-south-1.amazonaws.com/backend/gopaddi/gosocial/posts/assets/nnqluBSAU9pMU6tjpbki9RSndLx6mXXlOL9m8c4F.jpg,,2024-08-16 07:34:00+00:00,2024-11-11 14:43:23+00:00
961,118,Gopaddi is coming soon...,Investment and Venture Capital,Business and Entrepreneurship,https://testinglive-backend.s3.af-south-1.amazonaws.com/backend/gopaddi/gosocial/posts/assets/eMYX2ut33b7MxvbdttNij61UW4QsHiNrMkKidW4K.jpg,,2024-08-16 07:32:03+00:00,2024-11-11 14:43:21+00:00
962,116,Gopaddi is coming soon...,Investment and Venture Capital,Business and Entrepreneurship,https://testinglive-backend.s3.af-south-1.amazonaws.com/backend/gopaddi/gosocial/posts/assets/futymvkh7gsQey5eXUszib6Zl9RlUaC1Bod30tsP.jpg,,2024-08-15 13:11:36+00:00,2024-11-11 14:43:18+00:00
963,24,New post,"Investment and Venture Capital, Jewelry Making","Business and Entrepreneurship, Creative Arts and Crafts",https://testinglive-backend.s3.af-south-1.amazonaws.com/backend/goagentgomarket/hubs/posts/BPDXNh6Ok0vC7WTU8MYZuAng0TjpkBbFVDe7AtH1.jpg,,2024-08-08 08:14:04+00:00,2024-11-11 14:43:16+00:00
964,23,Fighter with gear in picture,"Cultural Festivals, Leadership and Mentoring","Arts and Culture, Business and Entrepreneurship",https://testinglive-backend.s3.af-south-1.amazonaws.com/backend/goagentgomarket/hubs/posts/er2YxjiT9wB8LjKQdTRaienTBNOWG2AH7TMgQaOv.png,,2024-08-08 08:13:01+00:00,2024-11-11 14:43:13+00:00
